provider,source,voice,utterance,utterance_slug,take,conversation_id,channel,recorded_utc,track,transcript,path,sample_rate,source_rate,raw_dur_s,speech_dur_s,clip_dur_s,trimmed_lead_s,trimmed_tail_s,in_lufs,out_lufs,gain_db,out_peak_dbfs,loudness_method,peak_limited,source_file,utterance_source
ElevenLabs,elevenlabs,AnnaClone,"Hey, can you hear me?",hey-can-you-hear-me,1,conv_7801m1h9tmmnf2wsgq9gx385d27p,agent,2026-09-02 14:54:32+00:00,response_audio,"Hey, can you hear me?",export/voice_stimuli/ElevenLabs_AnnaClone_hey-can-you-hear-me_take1.wav,16000,16000,1.908,1.7,2.7,0.17,0.038,-17.52,-23.0,-5.48,-7.95,lufs,False,,
ElevenLabs,elevenlabs,AnnaClone,"Hey, can you hear me?",hey-can-you-hear-me,2,conv_1001m1h9ttfwf4gv0m9cqhmtvqr8,agent,2026-09-02 14:54:38+00:00,response_audio,"Hey, can you hear me?",export/voice_stimuli/ElevenLabs_AnnaClone_hey-can-you-hear-me_take2.wav,16000,16000,1.836,1.72,2.72,0.11,0.006,-18.05,-23.0,-4.95,-6.82,lufs,False,,
ElevenLabs,elevenlabs,AnnaClone,"Hey, can you hear me?",hey-can-you-hear-me,3,conv_6401m1h9ty7hfeyt3k5wnw2c5ge6,agent,2026-09-02 14:54:42+00:00,response_audio,"Hey, can you hear me?",export/voice_stimuli/ElevenLabs_AnnaClone_hey-can-you-hear-me_take3.wav,16000,16000,1.404,1.334,2.334,0.07,0.0,-22.69,-23.0,-0.31,-7.19,lufs,False,,
ElevenLabs,elevenlabs,AnnaClone,"Hey, how are you?",hey-how-are-you,1,conv_8501m1h56a5pf2ps1gxy9yzbxwdt,agent,2026-09-02 13:33:32+00:00,response_audio,"Hey, how are you?",export/voice_stimuli/ElevenLabs_AnnaClone_hey-how-are-you_take1.wav,16000,16000,1.692,1.52,2.52,0.17,0.002,-14.78,-23.0,-8.22,-10.33,lufs,False,,
ElevenLabs,elevenlabs,AnnaClone,"Hey, how are you?",hey-how-are-you,2,conv_3601m1h56ggeewktnsdhjb212sgc,agent,2026-09-02 13:33:38+00:00,response_audio,"Hey, how are you?",export/voice_stimuli/ElevenLabs_AnnaClone_hey-how-are-you_take2.wav,16000,16000,1.836,1.726,2.726,0.11,0.0,-16.51,-23.0,-6.49,-10.07,lufs,False,,
ElevenLabs,elevenlabs,AnnaClone,"Hey, how are you?",hey-how-are-you,3,conv_7201m1h56p19f9qv8bkzq158qt40,agent,2026-09-02 13:33:44+00:00,response_audio,"Hey, how are you?",export/voice_stimuli/ElevenLabs_AnnaClone_hey-how-are-you_take3.wav,16000,16000,1.944,1.834,2.834,0.11,0.0,-21.99,-23.0,-1.01,-10.28,lufs,False,,
ElevenLabs,elevenlabs,AnnaClone,"Just reading the instructions, I think I'm the interviewer for this chat.",just-reading-the-instructions-i,1,conv_0201m1h5sjr2fxwt82hf477mk1ve,agent,2026-09-02 13:44:03+00:00,response_audio,"Just reading the instructions, I think I'm the interviewer for this chat.",export/voice_stimuli/ElevenLabs_AnnaClone_just-reading-the-instructions-i_take1.wav,16000,16000,4.032,3.902,4.902,0.13,0.0,-24.14,-23.0,1.14,-5.38,lufs,False,,
ElevenLabs,elevenlabs,AnnaClone,"Just reading the instructions, I think I'm the interviewer for this chat.",just-reading-the-instructions-i,2,conv_5601m1h5stzqez3az15spwb38qew,agent,2026-09-02 13:44:12+00:00,response_audio,"Just reading the instructions, I think I'm the interviewer for this chat.",export/voice_stimuli/ElevenLabs_AnnaClone_just-reading-the-instructions-i_take2.wav,16000,16000,4.176,4.06,5.06,0.11,0.006,-21.39,-23.0,-1.61,-6.07,lufs,False,,
ElevenLabs,elevenlabs,AnnaClone,"Just reading the instructions, I think I'm the interviewer for this chat.",just-reading-the-instructions-i,3,conv_2401m1h5t1mcfwf91jms06zq0qm3,agent,2026-09-02 13:44:18+00:00,response_audio,"Just reading the instructions, I think I'm the interviewer for this chat.",export/voice_stimuli/ElevenLabs_AnnaClone_just-reading-the-instructions-i_take3.wav,16000,16000,3.708,3.598,4.598,0.11,0.0,-22.19,-23.0,-0.81,-5.7,lufs,False,,
ElevenLabs,elevenlabs,ChrisClone_GUI3,"Hey, can you hear me?",hey-can-you-hear-me,1,conv_8001m1h9xv5semvtfyw4zsn8pyt1,agent,2026-09-02 14:56:17+00:00,response_audio,"Hey, can you hear me?",export/voice_stimuli/ElevenLabs_ChrisClone_GUI3_hey-can-you-hear-me_take1.wav,16000,16000,1.368,1.0,2.0,0.17,0.198,-20.69,-23.0,-2.31,-6.65,lufs,False,,
ElevenLabs,elevenlabs,ChrisClone_GUI3,"Hey, can you hear me?",hey-can-you-hear-me,2,conv_7701m1h9y2twfq5aa5fqfnbf7prr,agent,2026-09-02 14:56:25+00:00,response_audio,"Hey, can you hear me?",export/voice_stimuli/ElevenLabs_ChrisClone_GUI3_hey-can-you-hear-me_take2.wav,16000,16000,1.404,1.0,2.0,0.21,0.194,-18.15,-23.0,-4.85,-6.35,lufs,False,,
ElevenLabs,elevenlabs,ChrisClone_GUI3,"Hey, can you hear me?",hey-can-you-hear-me,3,conv_2301m1h9y730fsktr5sfe8qq08f6,agent,2026-09-02 14:56:29+00:00,response_audio,"Hey, can you hear me?",export/voice_stimuli/ElevenLabs_ChrisClone_GUI3_hey-can-you-hear-me_take3.wav,16000,16000,1.404,0.96,1.96,0.23,0.214,-22.62,-23.0,-0.38,-4.72,lufs,False,,
ElevenLabs,elevenlabs,ChrisClone_GUI3,"Hey, how are you?",hey-how-are-you,1,conv_1601m1h5a6tpe76ayx57h09k5ws5,agent,2026-09-02 13:35:39+00:00,response_audio,"Hey, how are you?",export/voice_stimuli/ElevenLabs_ChrisClone_GUI3_hey-how-are-you_take1.wav,16000,16000,1.584,1.2,2.2,0.13,0.254,-14.91,-23.0,-8.09,-9.16,lufs,False,,
ElevenLabs,elevenlabs,ChrisClone_GUI3,"Hey, how are you?",hey-how-are-you,2,conv_0101m1h5acryfpwtjfc2xdwc2hk8,agent,2026-09-02 13:35:45+00:00,response_audio,"Hey, how are you?",export/voice_stimuli/ElevenLabs_ChrisClone_GUI3_hey-how-are-you_take2.wav,16000,16000,1.872,1.44,2.44,0.21,0.222,-17.32,-23.0,-5.68,-9.57,lufs,False,,
ElevenLabs,elevenlabs,ChrisClone_GUI3,"Hey, how are you?",hey-how-are-you,3,conv_5101m1h5aj19e8grd0e53vq0phj2,agent,2026-09-02 13:35:51+00:00,response_audio,"Hey, how are you?",export/voice_stimuli/ElevenLabs_ChrisClone_GUI3_hey-how-are-you_take3.wav,16000,16000,1.656,1.32,2.32,0.13,0.206,-20.68,-23.0,-2.32,-8.63,lufs,False,,
ElevenLabs,elevenlabs,ChrisClone_GUI3,"Just reading the instructions, I think I'm the interviewer for this chat.",just-reading-the-instructions-i,1,conv_1901m1h5x51kearbg6rt7ntx2k0x,agent,2026-09-02 13:46:00+00:00,response_audio,"Just reading the instructions, I think I'm the interviewer for this chat.",export/voice_stimuli/ElevenLabs_ChrisClone_GUI3_just-reading-the-instructions-i_take1.wav,16000,16000,3.924,3.62,4.62,0.27,0.034,-29.53,-23.0,6.53,-6.11,lufs,False,,
ElevenLabs,elevenlabs,ChrisClone_GUI3,"Just reading the instructions, I think I'm the interviewer for this chat.",just-reading-the-instructions-i,2,conv_0801m1h5xbe5e5e9rv2eapder5s4,agent,2026-09-02 13:46:07+00:00,response_audio,"Just reading the instructions, I think I'm the interviewer for this chat.",export/voice_stimuli/ElevenLabs_ChrisClone_GUI3_just-reading-the-instructions-i_take2.wav,16000,16000,4.104,3.64,4.64,0.23,0.234,-22.97,-23.0,-0.03,-4.42,lufs,False,,
ElevenLabs,elevenlabs,ChrisClone_GUI3,"Just reading the instructions, I think I'm the interviewer for this chat.",just-reading-the-instructions-i,3,conv_8301m1h5xhq3ebwsf37d2s01g0bg,agent,2026-09-02 13:46:13+00:00,response_audio,"Just reading the instructions, I think I'm the interviewer for this chat.",export/voice_stimuli/ElevenLabs_ChrisClone_GUI3_just-reading-the-instructions-i_take3.wav,16000,16000,4.104,3.82,4.82,0.11,0.174,-24.53,-23.0,1.53,-5.09,lufs,False,,
ElevenLabs,elevenlabs,ChrisClone_LongNN,"Hey, can you hear me?",hey-can-you-hear-me,1,conv_8901m1h9wzvkevctwcb3ehaxv38j,agent,2026-09-02 14:55:49+00:00,response_audio,"Hey, can you hear me?",export/voice_stimuli/ElevenLabs_ChrisClone_LongNN_hey-can-you-hear-me_take1.wav,16000,16000,1.584,1.08,2.08,0.19,0.314,-17.04,-23.0,-5.96,-8.24,lufs,False,,
ElevenLabs,elevenlabs,ChrisClone_LongNN,"Hey, can you hear me?",hey-can-you-hear-me,2,conv_7501m1h9x4kef56813jdy4br7hrc,agent,2026-09-02 14:55:54+00:00,response_audio,"Hey, can you hear me?",export/voice_stimuli/ElevenLabs_ChrisClone_LongNN_hey-can-you-hear-me_take2.wav,16000,16000,1.26,0.9,1.9,0.21,0.15,-14.83,-23.0,-8.17,-8.79,lufs,False,,
ElevenLabs,elevenlabs,ChrisClone_LongNN,"Hey, can you hear me?",hey-can-you-hear-me,3,conv_5301m1h9x83deh1rag9a8kpt0y8j,agent,2026-09-02 14:55:58+00:00,response_audio,"Hey, can you hear me?",export/voice_stimuli/ElevenLabs_ChrisClone_LongNN_hey-can-you-hear-me_take3.wav,16000,16000,1.548,0.96,1.96,0.19,0.398,-18.06,-23.0,-4.94,-7.99,lufs,False,,
ElevenLabs,elevenlabs,ChrisClone_LongNN,"Hey, how are you?",hey-how-are-you,1,conv_4501m1h5938hf3kr8mgyy90nx80p,agent,2026-09-02 13:35:03+00:00,response_audio,"Hey, how are you?",export/voice_stimuli/ElevenLabs_ChrisClone_LongNN_hey-how-are-you_take1.wav,16000,16000,1.764,1.34,2.34,0.17,0.254,-19.23,-23.0,-3.77,-7.87,lufs,False,,
ElevenLabs,elevenlabs,ChrisClone_LongNN,"Hey, how are you?",hey-how-are-you,2,conv_5901m1h599djfyfbxk7ncs9njvgf,agent,2026-09-02 13:35:09+00:00,response_audio,"Hey, how are you?",export/voice_stimuli/ElevenLabs_ChrisClone_LongNN_hey-how-are-you_take2.wav,16000,16000,1.476,1.04,2.04,0.19,0.246,-15.6,-23.0,-7.4,-9.06,lufs,False,,
ElevenLabs,elevenlabs,ChrisClone_LongNN,"Hey, how are you?",hey-how-are-you,3,conv_7301m1h59ee6fxbrma9dqw10wn7m,agent,2026-09-02 13:35:14+00:00,response_audio,"Hey, how are you?",export/voice_stimuli/ElevenLabs_ChrisClone_LongNN_hey-how-are-you_take3.wav,16000,16000,1.332,0.9,1.9,0.21,0.222,-15.37,-23.0,-7.63,-9.21,lufs,False,,
ElevenLabs,elevenlabs,ChrisClone_LongNN,"Just reading the instructions, I think I'm the interviewer for this chat.",just-reading-the-instructions-i,1,conv_6601m1h5vz5bezsagshkww12pjq4,agent,2026-09-02 13:45:21+00:00,response_audio,"Just reading the instructions, I think I'm the interviewer for this chat.",export/voice_stimuli/ElevenLabs_ChrisClone_LongNN_just-reading-the-instructions-i_take1.wav,16000,16000,3.96,3.38,4.38,0.31,0.27,-17.96,-23.0,-5.04,-8.1,lufs,False,,
ElevenLabs,elevenlabs,ChrisClone_LongNN,"Just reading the instructions, I think I'm the interviewer for this chat.",just-reading-the-instructions-i,2,conv_3001m1h5w5vmej0afse6apzstk4p,agent,2026-09-02 13:45:28+00:00,response_audio,"Just reading the instructions, I think I'm the interviewer for this chat.",export/voice_stimuli/ElevenLabs_ChrisClone_LongNN_just-reading-the-instructions-i_take2.wav,16000,16000,3.852,3.4,4.4,0.21,0.242,-17.54,-23.0,-5.46,-7.94,lufs,False,,
ElevenLabs,elevenlabs,ChrisClone_LongNN,"Just reading the instructions, I think I'm the interviewer for this chat.",just-reading-the-instructions-i,3,conv_6501m1h5wcezevcvaj8r4smd16nr,agent,2026-09-02 13:45:35+00:00,response_audio,"Just reading the instructions, I think I'm the interviewer for this chat.",export/voice_stimuli/ElevenLabs_ChrisClone_LongNN_just-reading-the-instructions-i_take3.wav,16000,16000,4.428,4.08,5.08,0.25,0.098,-17.11,-23.0,-5.89,-7.04,lufs,False,,
ElevenLabs,elevenlabs,George,"Hey, can you hear me?",hey-can-you-hear-me,1,conv_0001m1h9qbmhf6zatpfc82krm8jj,agent,2026-09-02 14:52:45+00:00,response_audio,"Hey, can you hear me?",export/voice_stimuli/ElevenLabs_George_hey-can-you-hear-me_take1.wav,16000,16000,1.656,1.22,2.22,0.23,0.206,-24.38,-23.0,1.38,-3.72,lufs,False,,
ElevenLabs,elevenlabs,George,"Hey, can you hear me?",hey-can-you-hear-me,2,conv_0001m1h9qfzgenksm77782dbsj7z,agent,2026-09-02 14:52:49+00:00,response_audio,"Hey, can you hear me?",export/voice_stimuli/ElevenLabs_George_hey-can-you-hear-me_take2.wav,16000,16000,1.224,0.92,1.92,0.19,0.114,-21.43,-23.0,-1.57,-4.52,lufs,False,,
ElevenLabs,elevenlabs,George,"Hey, can you hear me?",hey-can-you-hear-me,3,conv_9501m1h9qmfxejcs7yn15rxhc6dk,agent,2026-09-02 14:52:54+00:00,response_audio,"Hey, can you hear me?",export/voice_stimuli/ElevenLabs_George_hey-can-you-hear-me_take3.wav,16000,16000,1.188,0.8,1.8,0.17,0.218,-20.7,-23.0,-2.3,-4.82,lufs,False,,
ElevenLabs,elevenlabs,George,"Hey, how are you?",hey-how-are-you,1,conv_4001m1h4xxnceey804b06x3hbw08,agent,2026-09-02 13:28:57+00:00,response_audio,"Hey, how are you?",export/voice_stimuli/ElevenLabs_George_hey-how-are-you_take1.wav,16000,16000,1.656,1.22,2.22,0.15,0.286,-16.91,-23.0,-6.09,-9.24,lufs,False,,
ElevenLabs,elevenlabs,George,"Hey, how are you?",hey-how-are-you,2,conv_5001m1h4y698fw2tbq6hqbt447yy,agent,2026-09-02 13:29:06+00:00,response_audio,"Hey, how are you?",export/voice_stimuli/ElevenLabs_George_hey-how-are-you_take2.wav,16000,16000,1.224,0.86,1.86,0.17,0.194,-19.38,-23.0,-3.62,-5.96,lufs,False,,
ElevenLabs,elevenlabs,George,"Hey, how are you?",hey-how-are-you,3,conv_4301m1h4yfkdfebs2jp5fh0b5431,agent,2026-09-02 13:29:15+00:00,response_audio,"Hey, how are you?",export/voice_stimuli/ElevenLabs_George_hey-how-are-you_take3.wav,16000,16000,1.224,0.9,1.9,0.21,0.114,-18.01,-23.0,-4.99,-7.28,lufs,False,,
ElevenLabs,elevenlabs,George,"Just reading the instructions, I think I'm the interviewer for this chat.",just-reading-the-instructions-i,1,conv_8901m1h5na4vecar58x28rf3ef26,agent,2026-09-02 13:41:43+00:00,response_audio,"Just reading the instructions, I think I'm the interviewer for this chat.",export/voice_stimuli/ElevenLabs_George_just-reading-the-instructions-i_take1.wav,16000,16000,3.024,2.68,3.68,0.15,0.194,-20.33,-23.0,-2.67,-4.18,lufs,False,,
ElevenLabs,elevenlabs,George,"Just reading the instructions, I think I'm the interviewer for this chat.",just-reading-the-instructions-i,2,conv_4101m1h5nfz9f2ktapj5wcqtdcde,agent,2026-09-02 13:41:49+00:00,response_audio,"Just reading the instructions, I think I'm the interviewer for this chat.",export/voice_stimuli/ElevenLabs_George_just-reading-the-instructions-i_take2.wav,16000,16000,3.312,2.8,3.8,0.27,0.242,-19.01,-23.0,-3.99,-5.81,lufs,False,,
ElevenLabs,elevenlabs,George,"Just reading the instructions, I think I'm the interviewer for this chat.",just-reading-the-instructions-i,3,conv_0401m1h5nqcmecw8r1rgsq2wnjm1,agent,2026-09-02 13:41:57+00:00,response_audio,"Just reading the instructions, I think I'm the interviewer for this chat.",export/voice_stimuli/ElevenLabs_George_just-reading-the-instructions-i_take3.wav,16000,16000,3.312,2.86,3.86,0.23,0.222,-19.33,-23.0,-3.67,-5.32,lufs,False,,
ElevenLabs,elevenlabs,Lucy,"Hey, can you hear me?",hey-can-you-hear-me,1,conv_6601m1h9sjb2fsza8e4bzhqvpzg3,agent,2026-09-02 14:53:57+00:00,response_audio,"Hey, can you hear me?",export/voice_stimuli/ElevenLabs_Lucy_hey-can-you-hear-me_take1.wav,16000,16000,1.62,1.34,2.34,0.17,0.11,-13.44,-23.0,-9.56,-9.94,lufs,False,,
ElevenLabs,elevenlabs,Lucy,"Hey, can you hear me?",hey-can-you-hear-me,2,conv_3201m1h9spdbfwvbvqr8zhydg4gj,agent,2026-09-02 14:54:01+00:00,response_audio,"Hey, can you hear me?",export/voice_stimuli/ElevenLabs_Lucy_hey-can-you-hear-me_take2.wav,16000,16000,1.332,1.08,2.08,0.21,0.042,-17.37,-23.0,-5.63,-9.11,lufs,False,,
ElevenLabs,elevenlabs,Lucy,"Hey, can you hear me?",hey-can-you-hear-me,3,conv_0701m1h9ste2fasr6z4nzj0kfzw7,agent,2026-09-02 14:54:05+00:00,response_audio,"Hey, can you hear me?",export/voice_stimuli/ElevenLabs_Lucy_hey-can-you-hear-me_take3.wav,16000,16000,1.944,1.52,2.52,0.21,0.214,-13.69,-23.0,-9.31,-10.16,lufs,False,,
ElevenLabs,elevenlabs,Lucy,"Hey, how are you?",hey-how-are-you,1,conv_8601m1h547ynecbazs8jzwb83ftj,agent,2026-09-02 13:32:24+00:00,response_audio,"Hey, how are you?",export/voice_stimuli/ElevenLabs_Lucy_hey-how-are-you_take1.wav,16000,16000,2.196,1.64,2.64,0.41,0.146,-17.18,-23.0,-5.82,-10.69,lufs,False,,
ElevenLabs,elevenlabs,Lucy,"Hey, how are you?",hey-how-are-you,2,conv_9701m1h54xvcfmtvq9d04brey03v,agent,2026-09-02 13:32:46+00:00,response_audio,"Hey, how are you?",export/voice_stimuli/ElevenLabs_Lucy_hey-how-are-you_take2.wav,16000,16000,1.8,1.44,2.44,0.15,0.21,-13.14,-23.0,-9.86,-10.85,lufs,False,,
ElevenLabs,elevenlabs,Lucy,"Hey, how are you?",hey-how-are-you,3,conv_5701m1h554steqxsc9gs8pbkp446,agent,2026-09-02 13:32:53+00:00,response_audio,"Hey, how are you?",export/voice_stimuli/ElevenLabs_Lucy_hey-how-are-you_take3.wav,16000,16000,1.584,1.26,2.26,0.17,0.154,-13.81,-23.0,-9.19,-11.68,lufs,False,,
ElevenLabs,elevenlabs,Lucy,"Just reading the instructions, I think I'm the interviewer for this chat.",just-reading-the-instructions-i,1,conv_1001m1h5qyn4fy0v25yb4g94atvp,agent,2026-09-02 13:43:10+00:00,response_audio,"Just reading the instructions, I think I'm the interviewer for this chat.",export/voice_stimuli/ElevenLabs_Lucy_just-reading-the-instructions-i_take1.wav,16000,16000,3.96,3.69,4.69,0.27,0.0,-15.66,-23.0,-7.34,-7.76,lufs,False,,
ElevenLabs,elevenlabs,Lucy,"Just reading the instructions, I think I'm the interviewer for this chat.",just-reading-the-instructions-i,2,conv_4801m1h5r6yyfda91v3zpnyaqjbv,agent,2026-09-02 13:43:18+00:00,response_audio,"Just reading the instructions, I think I'm the interviewer for this chat.",export/voice_stimuli/ElevenLabs_Lucy_just-reading-the-instructions-i_take2.wav,16000,16000,4.176,3.86,4.86,0.25,0.066,-18.48,-23.0,-4.52,-4.96,lufs,False,,
ElevenLabs,elevenlabs,Lucy,"Just reading the instructions, I think I'm the interviewer for this chat.",just-reading-the-instructions-i,3,conv_6301m1h5rdkge1x9v87034qrxc8v,agent,2026-09-02 13:43:25+00:00,response_audio,"Just reading the instructions, I think I'm the interviewer for this chat.",export/voice_stimuli/ElevenLabs_Lucy_just-reading-the-instructions-i_take3.wav,16000,16000,4.572,3.98,4.98,0.31,0.282,-16.99,-23.0,-6.01,-7.66,lufs,False,,
ElevenLabs,elevenlabs,Prince,"Hey, can you hear me?",hey-can-you-hear-me,1,conv_2801m1h9rqbfesmvp44jnwt8s28s,agent,2026-09-02 14:53:29+00:00,response_audio,"Hey, can you hear me?",export/voice_stimuli/ElevenLabs_Prince_hey-can-you-hear-me_take1.wav,16000,16000,1.26,1.04,2.04,0.17,0.05,-19.18,-23.0,-3.82,-10.72,lufs,False,,
ElevenLabs,elevenlabs,Prince,"Hey, can you hear me?",hey-can-you-hear-me,2,conv_0401m1h9rxbyez6b2fvefn829f7y,agent,2026-09-02 14:53:35+00:00,response_audio,"Hey, can you hear me?",export/voice_stimuli/ElevenLabs_Prince_hey-can-you-hear-me_take2.wav,16000,16000,1.332,0.88,1.88,0.27,0.182,-17.86,-23.0,-5.14,-6.91,lufs,False,,
ElevenLabs,elevenlabs,Prince,"Hey, can you hear me?",hey-can-you-hear-me,3,conv_9301m1h9s1nbewt8h43z9byspc7j,agent,2026-09-02 14:53:40+00:00,response_audio,"Hey, can you hear me?",export/voice_stimuli/ElevenLabs_Prince_hey-can-you-hear-me_take3.wav,16000,16000,1.224,1.04,2.04,0.11,0.074,-23.38,-23.0,0.38,-7.53,lufs,False,,
ElevenLabs,elevenlabs,Prince,"Hey, how are you?",hey-how-are-you,1,conv_6301m1h516wafdma1bz2aemrtast,agent,2026-09-02 13:30:45+00:00,response_audio,"Hey, how are you?",export/voice_stimuli/ElevenLabs_Prince_hey-how-are-you_take1.wav,16000,16000,1.26,0.88,1.88,0.25,0.13,-17.74,-23.0,-5.26,-8.44,lufs,False,,
ElevenLabs,elevenlabs,Prince,"Hey, how are you?",hey-how-are-you,2,conv_1901m1h526scem58s10gerqa2kff,agent,2026-09-02 13:31:17+00:00,response_audio,"Hey, how are you?",export/voice_stimuli/ElevenLabs_Prince_hey-how-are-you_take2.wav,16000,16000,1.296,0.9,1.9,0.19,0.206,-17.1,-23.0,-5.9,-8.79,lufs,False,,
ElevenLabs,elevenlabs,Prince,"Hey, how are you?",hey-how-are-you,3,conv_3401m1h52d46e2vv3sq31czbqykn,agent,2026-09-02 13:31:24+00:00,response_audio,"Hey, how are you?",export/voice_stimuli/ElevenLabs_Prince_hey-how-are-you_take3.wav,16000,16000,1.26,1.0,2.0,0.17,0.09,-16.15,-23.0,-6.85,-11.56,lufs,False,,
ElevenLabs,elevenlabs,Prince,"Just reading the instructions, I think I'm the interviewer for this chat.",just-reading-the-instructions-i,1,conv_8901m1h5pwhjfq48pvmzhhm2je5s,agent,2026-09-02 13:42:35+00:00,response_audio,"Just reading the instructions, I think I'm the interviewer for this chat.",export/voice_stimuli/ElevenLabs_Prince_just-reading-the-instructions-i_take1.wav,16000,16000,3.852,3.22,4.22,0.27,0.362,-20.68,-23.0,-2.32,-5.6,lufs,False,,
ElevenLabs,elevenlabs,Prince,"Just reading the instructions, I think I'm the interviewer for this chat.",just-reading-the-instructions-i,2,conv_8501m1h5q3cefcrtbck4c5sq60h6,agent,2026-09-02 13:42:42+00:00,response_audio,"Just reading the instructions, I think I'm the interviewer for this chat.",export/voice_stimuli/ElevenLabs_Prince_just-reading-the-instructions-i_take2.wav,16000,16000,3.276,2.92,3.92,0.25,0.106,-20.94,-23.0,-2.06,-5.86,lufs,False,,
ElevenLabs,elevenlabs,Prince,"Just reading the instructions, I think I'm the interviewer for this chat.",just-reading-the-instructions-i,3,conv_5501m1h5q9mze1a9cmwhwksr2qcp,agent,2026-09-02 13:42:48+00:00,response_audio,"Just reading the instructions, I think I'm the interviewer for this chat.",export/voice_stimuli/ElevenLabs_Prince_just-reading-the-instructions-i_take3.wav,16000,16000,3.276,2.82,3.82,0.29,0.166,-20.48,-23.0,-2.52,-9.28,lufs,False,,
ElevenLabs,elevenlabs,SarenneClone,"Hey, can you hear me?",hey-can-you-hear-me,1,conv_0901m1h9w345f85ra4hw1p1z9fp4,agent,2026-09-02 14:55:20+00:00,response_audio,"Hey, can you hear me?",export/voice_stimuli/ElevenLabs_SarenneClone_hey-can-you-hear-me_take1.wav,16000,16000,1.62,1.08,2.08,0.29,0.25,-19.11,-23.0,-3.89,-6.87,lufs,False,,
ElevenLabs,elevenlabs,SarenneClone,"Hey, can you hear me?",hey-can-you-hear-me,2,conv_7101m1h9w6r2egpt8mde9rym3n2s,agent,2026-09-02 14:55:23+00:00,response_audio,"Hey, can you hear me?",export/voice_stimuli/ElevenLabs_SarenneClone_hey-can-you-hear-me_take2.wav,16000,16000,1.836,1.38,2.38,0.19,0.266,-18.42,-23.0,-4.58,-10.65,lufs,False,,
ElevenLabs,elevenlabs,SarenneClone,"Hey, can you hear me?",hey-can-you-hear-me,3,conv_4401m1h9wag6esqb5zr32e893jdq,agent,2026-09-02 14:55:27+00:00,response_audio,"Hey, can you hear me?",export/voice_stimuli/ElevenLabs_SarenneClone_hey-can-you-hear-me_take3.wav,16000,16000,1.656,1.2,2.2,0.27,0.186,-18.21,-23.0,-4.79,-8.84,lufs,False,,
ElevenLabs,elevenlabs,SarenneClone,"Hey, how are you?",hey-how-are-you,1,conv_6901m1h57y2qe2688efvzjs7nc8d,agent,2026-09-02 13:34:25+00:00,response_audio,"Hey, how are you?",export/voice_stimuli/ElevenLabs_SarenneClone_hey-how-are-you_take1.wav,16000,16000,1.944,1.54,2.54,0.25,0.154,-20.39,-23.0,-2.61,-7.36,lufs,False,,
ElevenLabs,elevenlabs,SarenneClone,"Hey, how are you?",hey-how-are-you,2,conv_2801m1h58444fcfbk00pzvdmc8n4,agent,2026-09-02 13:34:31+00:00,response_audio,"Hey, how are you?",export/voice_stimuli/ElevenLabs_SarenneClone_hey-how-are-you_take2.wav,16000,16000,1.98,1.52,2.52,0.17,0.29,-19.6,-23.0,-3.4,-8.81,lufs,False,,
ElevenLabs,elevenlabs,SarenneClone,"Hey, how are you?",hey-how-are-you,3,conv_8501m1h589v3e05bsmm7e97rjn96,agent,2026-09-02 13:34:37+00:00,response_audio,"Hey, how are you?",export/voice_stimuli/ElevenLabs_SarenneClone_hey-how-are-you_take3.wav,16000,16000,2.088,1.58,2.58,0.19,0.318,-21.8,-23.0,-1.2,-9.3,lufs,False,,
ElevenLabs,elevenlabs,SarenneClone,"Just reading the instructions, I think I'm the interviewer for this chat.",just-reading-the-instructions-i,1,conv_3001m1h5tr0negbba0ydbnf0jp3z,agent,2026-09-02 13:44:41+00:00,response_audio,"Just reading the instructions, I think I'm the interviewer for this chat.",export/voice_stimuli/ElevenLabs_SarenneClone_just-reading-the-instructions-i_take1.wav,16000,16000,3.564,3.24,4.24,0.21,0.114,-28.81,-23.0,5.81,-4.46,lufs,False,,
ElevenLabs,elevenlabs,SarenneClone,"Just reading the instructions, I think I'm the interviewer for this chat.",just-reading-the-instructions-i,2,conv_7801m1h5v19yfh7v657v5jzhrykq,agent,2026-09-02 13:44:51+00:00,response_audio,"Just reading the instructions, I think I'm the interviewer for this chat.",export/voice_stimuli/ElevenLabs_SarenneClone_just-reading-the-instructions-i_take2.wav,16000,16000,3.528,3.2,4.2,0.21,0.118,-23.36,-23.0,0.36,-5.09,lufs,False,,
ElevenLabs,elevenlabs,SarenneClone,"Just reading the instructions, I think I'm the interviewer for this chat.",just-reading-the-instructions-i,3,conv_8101m1h5v7dvexas3dk2fdzgqvck,agent,2026-09-02 13:44:57+00:00,response_audio,"Just reading the instructions, I think I'm the interviewer for this chat.",export/voice_stimuli/ElevenLabs_SarenneClone_just-reading-the-instructions-i_take3.wav,16000,16000,3.348,2.92,3.92,0.25,0.178,-19.49,-23.0,-3.51,-6.23,lufs,False,,
ElevenLabs,elevenlabs,TextGen_FB,"Hey, can you hear me?",hey-can-you-hear-me,1,conv_0901m1h9ysv0fb9rnwtdj4qxn9rk,agent,2026-09-02 14:56:48+00:00,response_audio,"Hey, can you hear me?",export/voice_stimuli/ElevenLabs_TextGen_FB_hey-can-you-hear-me_take1.wav,16000,16000,1.728,1.44,2.44,0.15,0.138,-17.41,-23.0,-5.59,-6.52,lufs,False,,
ElevenLabs,elevenlabs,TextGen_FB,"Hey, can you hear me?",hey-can-you-hear-me,2,conv_1401m1h9yyc1efcstp50w1cn15qb,agent,2026-09-02 14:56:53+00:00,response_audio,"Hey, can you hear me?",export/voice_stimuli/ElevenLabs_TextGen_FB_hey-can-you-hear-me_take2.wav,16000,16000,1.692,1.42,2.42,0.15,0.122,-17.0,-23.0,-6.0,-6.38,lufs,False,,
ElevenLabs,elevenlabs,TextGen_FB,"Hey, can you hear me?",hey-can-you-hear-me,3,conv_6501m1h9z258f6daqz7rvgm33gn4,agent,2026-09-02 14:56:57+00:00,response_audio,"Hey, can you hear me?",export/voice_stimuli/ElevenLabs_TextGen_FB_hey-can-you-hear-me_take3.wav,16000,16000,1.8,1.54,2.54,0.13,0.13,-16.36,-23.0,-6.64,-7.02,lufs,False,,
ElevenLabs,elevenlabs,TextGen_FB,"Hey, how are you?",hey-how-are-you,1,conv_3801m1h5bcnhfc68519fcg4h6w34,agent,2026-09-02 13:36:18+00:00,response_audio,"Hey, how are you?",export/voice_stimuli/ElevenLabs_TextGen_FB_hey-how-are-you_take1.wav,16000,16000,1.656,1.32,2.32,0.13,0.206,-16.45,-23.0,-6.55,-6.95,lufs,False,,
ElevenLabs,elevenlabs,TextGen_FB,"Hey, how are you?",hey-how-are-you,2,conv_4701m1h5bkkjf4wr2xbp47t387k1,agent,2026-09-02 13:36:25+00:00,response_audio,"Hey, how are you?",export/voice_stimuli/ElevenLabs_TextGen_FB_hey-how-are-you_take2.wav,16000,16000,2.196,1.6,2.6,0.19,0.406,-16.47,-23.0,-6.53,-7.14,lufs,False,,
ElevenLabs,elevenlabs,TextGen_FB,"Hey, how are you?",hey-how-are-you,3,conv_2401m1h5brp6frttw14wktpa2paj,agent,2026-09-02 13:36:30+00:00,response_audio,"Hey, how are you?",export/voice_stimuli/ElevenLabs_TextGen_FB_hey-how-are-you_take3.wav,16000,16000,1.476,1.12,2.12,0.19,0.166,-16.06,-23.0,-6.94,-8.44,lufs,False,,
ElevenLabs,elevenlabs,TextGen_FB,"Just reading the instructions, I think I'm the interviewer for this chat.",just-reading-the-instructions-i,1,conv_5401m1h5yhe2e57vekrv8x9jffq3,agent,2026-09-02 13:46:46+00:00,response_audio,"Just reading the instructions, I think I'm the interviewer for this chat.",export/voice_stimuli/ElevenLabs_TextGen_FB_just-reading-the-instructions-i_take1.wav,16000,16000,4.104,3.64,4.64,0.23,0.234,-16.99,-23.0,-6.01,-6.42,lufs,False,,
ElevenLabs,elevenlabs,TextGen_FB,"Just reading the instructions, I think I'm the interviewer for this chat.",just-reading-the-instructions-i,2,conv_9801m1h5yvcvetnr60veqbdd68bz,agent,2026-09-02 13:46:56+00:00,response_audio,"Just reading the instructions, I think I'm the interviewer for this chat.",export/voice_stimuli/ElevenLabs_TextGen_FB_just-reading-the-instructions-i_take2.wav,16000,16000,3.528,3.14,4.14,0.23,0.158,-16.83,-23.0,-6.17,-6.54,lufs,False,,
ElevenLabs,elevenlabs,TextGen_FB,"Just reading the instructions, I think I'm the interviewer for this chat.",just-reading-the-instructions-i,3,conv_9201m1h5z31bf2bakzn6c0fvcv0t,agent,2026-09-02 13:47:04+00:00,response_audio,"Just reading the instructions, I think I'm the interviewer for this chat.",export/voice_stimuli/ElevenLabs_TextGen_FB_just-reading-the-instructions-i_take3.wav,16000,16000,3.78,3.32,4.32,0.21,0.25,-15.57,-23.0,-7.43,-7.83,lufs,False,,
ElevenLabs,elevenlabs,TextGen_FB2,"Hey, can you hear me?",hey-can-you-hear-me,1,conv_5301m1ha1b2tfq1a8vt3jbvmtxjx,agent,2026-09-02 14:58:12+00:00,response_audio,"Hey, can you hear me?",export/voice_stimuli/ElevenLabs_TextGen_FB2_hey-can-you-hear-me_take1.wav,16000,16000,1.476,1.16,2.16,0.19,0.126,-15.22,-23.0,-7.78,-8.75,lufs,False,,
ElevenLabs,elevenlabs,TextGen_FB2,"Hey, can you hear me?",hey-can-you-hear-me,2,conv_1301m1ha1ewqf57v84zb8qsfpctc,agent,2026-09-02 14:58:16+00:00,response_audio,"Hey, can you hear me?",export/voice_stimuli/ElevenLabs_TextGen_FB2_hey-can-you-hear-me_take2.wav,16000,16000,1.8,1.48,2.48,0.15,0.17,-17.92,-23.0,-5.08,-7.61,lufs,False,,
ElevenLabs,elevenlabs,TextGen_FB2,"Hey, can you hear me?",hey-can-you-hear-me,3,conv_0301m1ha1k25ebmba9bqg25382pj,agent,2026-09-02 14:58:20+00:00,response_audio,"Hey, can you hear me?",export/voice_stimuli/ElevenLabs_TextGen_FB2_hey-can-you-hear-me_take3.wav,16000,16000,1.728,1.36,2.36,0.17,0.198,-13.13,-23.0,-9.87,-10.27,lufs,False,,
ElevenLabs,elevenlabs,TextGen_FB2,"Hey, how are you?",hey-how-are-you,1,conv_7101m1h5cer1ep4a27fyjja2t8ch,agent,2026-09-02 13:36:53+00:00,response_audio,"Hey, how are you?",export/voice_stimuli/ElevenLabs_TextGen_FB2_hey-how-are-you_take1.wav,16000,16000,1.476,1.04,2.04,0.23,0.206,-11.85,-23.0,-11.15,-11.55,lufs,False,,
ElevenLabs,elevenlabs,TextGen_FB2,"Hey, how are you?",hey-how-are-you,2,conv_4501m1h5cn9dea4b5tntrpd568mw,agent,2026-09-02 13:37:00+00:00,response_audio,"Hey, how are you?",export/voice_stimuli/ElevenLabs_TextGen_FB2_hey-how-are-you_take2.wav,16000,16000,1.836,1.44,2.44,0.21,0.186,-13.16,-23.0,-9.84,-10.66,lufs,False,,
ElevenLabs,elevenlabs,TextGen_FB2,"Hey, how are you?",hey-how-are-you,3,conv_6801m1h5ctpseea82m7kkwyhb3yc,agent,2026-09-02 13:37:05+00:00,response_audio,"Hey, how are you?",export/voice_stimuli/ElevenLabs_TextGen_FB2_hey-how-are-you_take3.wav,16000,16000,1.728,1.28,2.28,0.17,0.278,-11.54,-23.0,-11.46,-11.87,lufs,False,,
ElevenLabs,elevenlabs,TextGen_FB2,"Just reading the instructions, I think I'm the interviewer for this chat.",just-reading-the-instructions-i,1,conv_3801m1h5zvkqeg5bssnzpmq1gtsz,agent,2026-09-02 13:47:29+00:00,response_audio,"Just reading the instructions, I think I'm the interviewer for this chat.",export/voice_stimuli/ElevenLabs_TextGen_FB2_just-reading-the-instructions-i_take1.wav,16000,16000,3.996,3.42,4.42,0.31,0.266,-17.96,-23.0,-5.04,-5.47,lufs,False,,
ElevenLabs,elevenlabs,TextGen_FB2,"Just reading the instructions, I think I'm the interviewer for this chat.",just-reading-the-instructions-i,2,conv_1301m1h602jafrtvbmawxj3xavdf,agent,2026-09-02 13:47:36+00:00,response_audio,"Just reading the instructions, I think I'm the interviewer for this chat.",export/voice_stimuli/ElevenLabs_TextGen_FB2_just-reading-the-instructions-i_take2.wav,16000,16000,4.32,3.88,4.88,0.21,0.23,-18.79,-23.0,-4.21,-4.57,lufs,False,,
ElevenLabs,elevenlabs,TextGen_FB2,"Just reading the instructions, I think I'm the interviewer for this chat.",just-reading-the-instructions-i,3,conv_7901m1h609a4eb2tanzpn8z7xqaa,agent,2026-09-02 13:47:43+00:00,response_audio,"Just reading the instructions, I think I'm the interviewer for this chat.",export/voice_stimuli/ElevenLabs_TextGen_FB2_just-reading-the-instructions-i_take3.wav,16000,16000,4.032,3.48,4.48,0.27,0.282,-18.22,-23.0,-4.78,-5.2,lufs,False,,
ElevenLabs,elevenlabs,TextGen_MB,"Hey, can you hear me?",hey-can-you-hear-me,1,conv_1901m1ha279ge5d9tyt7r5frxkme,agent,2026-09-02 14:58:41+00:00,response_audio,"Hey, can you hear me?",export/voice_stimuli/ElevenLabs_TextGen_MB_hey-can-you-hear-me_take1.wav,16000,16000,1.116,0.88,1.88,0.13,0.106,-15.27,-23.0,-7.73,-7.93,lufs,False,,
ElevenLabs,elevenlabs,TextGen_MB,"Hey, can you hear me?",hey-can-you-hear-me,2,conv_5701m1ha2b36fxms6s2xzvy8ahg4,agent,2026-09-02 14:58:44+00:00,response_audio,"Hey, can you hear me?",export/voice_stimuli/ElevenLabs_TextGen_MB_hey-can-you-hear-me_take2.wav,16000,16000,1.404,1.0,2.0,0.25,0.154,-16.09,-23.0,-6.91,-7.4,lufs,False,,
ElevenLabs,elevenlabs,TextGen_MB,"Hey, can you hear me?",hey-can-you-hear-me,3,conv_5301m1ha2f6eekpr4aqvw31h0t7a,agent,2026-09-02 14:58:49+00:00,response_audio,"Hey, can you hear me?",export/voice_stimuli/ElevenLabs_TextGen_MB_hey-can-you-hear-me_take3.wav,16000,16000,1.296,1.06,2.06,0.23,0.006,-21.58,-23.0,-1.42,-8.52,lufs,False,,
ElevenLabs,elevenlabs,TextGen_MB,"Hey, how are you?",hey-how-are-you,1,conv_9501m1h5dhdbef29zx32qjnvc1qx,agent,2026-09-02 13:37:29+00:00,response_audio,"Hey, how are you?",export/voice_stimuli/ElevenLabs_TextGen_MB_hey-how-are-you_take1.wav,16000,16000,1.296,0.8,1.8,0.23,0.266,-15.29,-23.0,-7.71,-8.12,lufs,False,,
ElevenLabs,elevenlabs,TextGen_MB,"Hey, how are you?",hey-how-are-you,2,conv_2101m1h5dpqvfyd9782hqq8pcnr6,agent,2026-09-02 13:37:34+00:00,response_audio,"Hey, how are you?",export/voice_stimuli/ElevenLabs_TextGen_MB_hey-how-are-you_take2.wav,16000,16000,1.368,1.06,2.06,0.17,0.138,-13.01,-23.0,-9.99,-10.42,lufs,False,,
ElevenLabs,elevenlabs,TextGen_MB,"Hey, how are you?",hey-how-are-you,3,conv_0801m1h5dtmefas9g6370trxqwxj,agent,2026-09-02 13:37:38+00:00,response_audio,"Hey, how are you?",export/voice_stimuli/ElevenLabs_TextGen_MB_hey-how-are-you_take3.wav,16000,16000,1.296,0.8,1.8,0.23,0.266,-13.81,-23.0,-9.19,-10.19,lufs,False,,
ElevenLabs,elevenlabs,TextGen_MB,"Just reading the instructions, I think I'm the interviewer for this chat.",just-reading-the-instructions-i,1,conv_0101m1h60y7mf1p811aarf02jy3b,agent,2026-09-02 13:48:04+00:00,response_audio,"Just reading the instructions, I think I'm the interviewer for this chat.",export/voice_stimuli/ElevenLabs_TextGen_MB_just-reading-the-instructions-i_take1.wav,16000,16000,3.852,3.54,4.54,0.25,0.062,-15.97,-23.0,-7.03,-7.48,lufs,False,,
ElevenLabs,elevenlabs,TextGen_MB,"Just reading the instructions, I think I'm the interviewer for this chat.",just-reading-the-instructions-i,2,conv_7001m1h615hzea6vscbvspmw1w4j,agent,2026-09-02 13:48:12+00:00,response_audio,"Just reading the instructions, I think I'm the interviewer for this chat.",export/voice_stimuli/ElevenLabs_TextGen_MB_just-reading-the-instructions-i_take2.wav,16000,16000,3.78,3.34,4.34,0.29,0.15,-16.12,-23.0,-6.88,-7.79,lufs,False,,
ElevenLabs,elevenlabs,TextGen_MB,"Just reading the instructions, I think I'm the interviewer for this chat.",just-reading-the-instructions-i,3,conv_1401m1h61bnbe90snrj0t4xq3w6s,agent,2026-09-02 13:48:18+00:00,response_audio,"Just reading the instructions, I think I'm the interviewer for this chat.",export/voice_stimuli/ElevenLabs_TextGen_MB_just-reading-the-instructions-i_take3.wav,16000,16000,3.6,3.18,4.18,0.25,0.17,-16.74,-23.0,-6.26,-6.63,lufs,False,,
ElevenLabs,elevenlabs,TextGen_MS,"Hey, can you hear me?",hey-can-you-hear-me,1,conv_0901m1ha2xtmfn9b3k0yq7zaeht3,agent,2026-09-02 14:59:04+00:00,response_audio,"Hey, can you hear me?",export/voice_stimuli/ElevenLabs_TextGen_MS_hey-can-you-hear-me_take1.wav,16000,16000,1.296,0.92,1.92,0.17,0.206,-12.99,-23.0,-10.01,-11.73,lufs,False,,
ElevenLabs,elevenlabs,TextGen_MS,"Hey, can you hear me?",hey-can-you-hear-me,2,conv_3501m1ha31s0f7eab57rrs3gqw3h,agent,2026-09-02 14:59:08+00:00,response_audio,"Hey, can you hear me?",export/voice_stimuli/ElevenLabs_TextGen_MS_hey-can-you-hear-me_take2.wav,16000,16000,1.26,0.9,1.9,0.25,0.11,-15.01,-23.0,-7.99,-9.04,lufs,False,,
ElevenLabs,elevenlabs,TextGen_MS,"Hey, can you hear me?",hey-can-you-hear-me,3,conv_7401m1ha36nwfadabg8rpmdy8pbp,agent,2026-09-02 14:59:13+00:00,response_audio,"Hey, can you hear me?",export/voice_stimuli/ElevenLabs_TextGen_MS_hey-can-you-hear-me_take3.wav,16000,16000,1.26,1.06,2.06,0.09,0.11,-14.1,-23.0,-8.9,-9.34,lufs,False,,
ElevenLabs,elevenlabs,TextGen_MS,"Hey, how are you?",hey-how-are-you,1,conv_1901m1h5ehe0fmkrs0m3qq7ag2vw,agent,2026-09-02 13:38:01+00:00,response_audio,"Hey, how are you?",export/voice_stimuli/ElevenLabs_TextGen_MS_hey-how-are-you_take1.wav,16000,16000,1.224,0.76,1.76,0.27,0.194,-15.15,-23.0,-7.85,-10.0,lufs,False,,
ElevenLabs,elevenlabs,TextGen_MS,"Hey, how are you?",hey-how-are-you,2,conv_8901m1h5ephfewrbf5wgn93fmxcg,agent,2026-09-02 13:38:07+00:00,response_audio,"Hey, how are you?",export/voice_stimuli/ElevenLabs_TextGen_MS_hey-how-are-you_take2.wav,16000,16000,1.44,0.98,1.98,0.17,0.29,-18.04,-23.0,-4.96,-7.59,lufs,False,,
ElevenLabs,elevenlabs,TextGen_MS,"Hey, how are you?",hey-how-are-you,3,conv_5501m1h5evdsf5jvjs7cqzrfy8v1,agent,2026-09-02 13:38:12+00:00,response_audio,"Hey, how are you?",export/voice_stimuli/ElevenLabs_TextGen_MS_hey-how-are-you_take3.wav,16000,16000,1.296,0.9,1.9,0.23,0.166,-13.33,-23.0,-9.67,-10.26,lufs,False,,
ElevenLabs,elevenlabs,TextGen_MS,"Just reading the instructions, I think I'm the interviewer for this chat.",just-reading-the-instructions-i,1,conv_5201m1h620k6fey941gpsw05bfx5,agent,2026-09-02 13:48:39+00:00,response_audio,"Just reading the instructions, I think I'm the interviewer for this chat.",export/voice_stimuli/ElevenLabs_TextGen_MS_just-reading-the-instructions-i_take1.wav,16000,16000,3.996,3.72,4.72,0.27,0.006,-14.13,-23.0,-8.87,-9.33,lufs,False,,
ElevenLabs,elevenlabs,TextGen_MS,"Just reading the instructions, I think I'm the interviewer for this chat.",just-reading-the-instructions-i,2,conv_1101m1h628f9f6t8avkws9n0bf45,agent,2026-09-02 13:48:47+00:00,response_audio,"Just reading the instructions, I think I'm the interviewer for this chat.",export/voice_stimuli/ElevenLabs_TextGen_MS_just-reading-the-instructions-i_take2.wav,16000,16000,3.744,3.38,4.38,0.19,0.174,-13.41,-23.0,-9.59,-10.0,lufs,False,,
ElevenLabs,elevenlabs,TextGen_MS,"Just reading the instructions, I think I'm the interviewer for this chat.",just-reading-the-instructions-i,3,conv_9001m1h62fe8fjc91zep725gb64g,agent,2026-09-02 13:48:55+00:00,response_audio,"Just reading the instructions, I think I'm the interviewer for this chat.",export/voice_stimuli/ElevenLabs_TextGen_MS_just-reading-the-instructions-i_take3.wav,16000,16000,3.78,3.38,4.38,0.21,0.19,-13.95,-23.0,-9.05,-9.48,lufs,False,,
ElevenLabs,elevenlabs,Verity,"Hey, can you hear me?",hey-can-you-hear-me,1,conv_0601m1h9nyzyeqbvkzg80xd7168c,agent,2026-09-02 14:51:59+00:00,response_audio,"Hey, can you hear me?",export/voice_stimuli/ElevenLabs_Verity_hey-can-you-hear-me_take1.wav,16000,16000,1.8,1.73,2.73,0.07,0.0,-15.09,-23.0,-7.91,-10.26,lufs,False,,
ElevenLabs,elevenlabs,Verity,"Hey, can you hear me?",hey-can-you-hear-me,2,conv_5901m1h9phf8fr29ymhx9mxcrd59,agent,2026-09-02 14:52:18+00:00,response_audio,"Hey, can you hear me?",export/voice_stimuli/ElevenLabs_Verity_hey-can-you-hear-me_take2.wav,16000,16000,1.872,1.802,2.802,0.07,0.0,-19.04,-23.0,-3.96,-8.68,lufs,False,,
ElevenLabs,elevenlabs,Verity,"Hey, can you hear me?",hey-can-you-hear-me,3,conv_9901m1h9pp6yf0mbsdpqw6knz9w2,agent,2026-09-02 14:52:23+00:00,response_audio,"Hey, can you hear me?",export/voice_stimuli/ElevenLabs_Verity_hey-can-you-hear-me_take3.wav,16000,16000,1.836,1.7,2.7,0.13,0.006,-23.9,-23.0,0.9,-5.88,lufs,False,,
ElevenLabs,elevenlabs,Verity,"Hey, how are you?",hey-how-are-you,1,conv_9601m1h4z9vjetzr2pdncsse88qr,agent,2026-09-02 13:29:42+00:00,response_audio,"Hey, how are you?",export/voice_stimuli/ElevenLabs_Verity_hey-how-are-you_take1.wav,16000,16000,1.944,1.794,2.794,0.15,0.0,-24.42,-23.0,1.42,-7.9,lufs,False,,
ElevenLabs,elevenlabs,Verity,"Hey, how are you?",hey-how-are-you,2,conv_8701m1h4zzzfe0ws9mdd7pm4w2n2,agent,2026-09-02 13:30:05+00:00,response_audio,"Hey, how are you?",export/voice_stimuli/ElevenLabs_Verity_hey-how-are-you_take2.wav,16000,16000,2.088,1.958,2.958,0.13,0.0,-25.44,-23.0,2.44,-7.5,lufs,False,,
ElevenLabs,elevenlabs,Verity,"Hey, how are you?",hey-how-are-you,3,conv_4701m1h508aqeq6sz9jzadfa9n7c,agent,2026-09-02 13:30:13+00:00,response_audio,"Hey, how are you?",export/voice_stimuli/ElevenLabs_Verity_hey-how-are-you_take3.wav,16000,16000,2.052,1.982,2.982,0.07,0.0,-26.18,-23.0,3.18,-9.13,lufs,False,,
ElevenLabs,elevenlabs,Verity,"Just reading the instructions, I think I'm the interviewer for this chat.",just-reading-the-instructions-i,1,conv_8201m1h5kvvwfx88y3cykj7gn1g4,agent,2026-09-02 13:40:56+00:00,response_audio,"Just reading the instructions, I think I'm the interviewer for this chat.",export/voice_stimuli/ElevenLabs_Verity_just-reading-the-instructions-i_take1.wav,16000,16000,4.716,4.546,5.546,0.17,0.0,-26.09,-23.0,3.09,-5.88,lufs,False,,
ElevenLabs,elevenlabs,Verity,"Just reading the instructions, I think I'm the interviewer for this chat.",just-reading-the-instructions-i,2,conv_7101m1h5m9x0er9teak696hdf961,agent,2026-09-02 13:41:10+00:00,response_audio,"Just reading the instructions, I think I'm the interviewer for this chat.",export/voice_stimuli/ElevenLabs_Verity_just-reading-the-instructions-i_take2.wav,16000,16000,4.428,4.238,5.238,0.19,0.0,-27.02,-23.0,4.02,-2.32,lufs,False,,
ElevenLabs,elevenlabs,Verity,"Just reading the instructions, I think I'm the interviewer for this chat.",just-reading-the-instructions-i,3,conv_2301m1h5mgbqfefb3d92ccsvp89n,agent,2026-09-02 13:41:17+00:00,response_audio,"Just reading the instructions, I think I'm the interviewer for this chat.",export/voice_stimuli/ElevenLabs_Verity_just-reading-the-instructions-i_take3.wav,16000,16000,4.5,4.29,5.29,0.21,0.0,-21.74,-23.0,-1.26,-3.67,lufs,False,,
Human,elevenlabs,Anchor,"Hey, can you hear me?",hey-can-you-hear-me,1,conv_6801m1hd9ekyf1mskrneg5zqgt0x,user,2026-09-02 15:55:03+00:00,audio,"Hey, can you hear me?",export/voice_stimuli/Human_Anchor_hey-can-you-hear-me_take1.wav,16000,16000,3.456,1.08,2.08,1.25,1.126,-26.1,-23.0,3.1,-6.83,lufs,False,,
Human,elevenlabs,Anchor,"Hey, can you hear me?",hey-can-you-hear-me,2,conv_9801m1hd9mx3f83s4pr31mfhntfq,user,2026-09-02 15:55:10+00:00,audio,"Hey, can you hear me?",export/voice_stimuli/Human_Anchor_hey-can-you-hear-me_take2.wav,16000,16000,3.132,1.38,2.38,1.07,0.682,-28.57,-23.0,5.57,-6.35,lufs,False,,
Human,elevenlabs,Anchor,"Hey, can you hear me?",hey-can-you-hear-me,3,conv_2501m1hd9v18ffw8nc4cjgwxxvy5,user,2026-09-02 15:55:16+00:00,audio,"Hey, can you hear me?",export/voice_stimuli/Human_Anchor_hey-can-you-hear-me_take3.wav,16000,16000,3.6,1.32,2.32,1.27,1.01,-28.78,-23.0,5.78,-5.68,lufs,False,,
Human,elevenlabs,Anchor,"Hey, how are you?",hey-how-are-you,1,conv_3001m1hd8qw9fxy956p51xmektz4,user,2026-09-02 15:54:40+00:00,audio,"Hey, how are you?",export/voice_stimuli/Human_Anchor_hey-how-are-you_take1.wav,16000,16000,2.952,1.34,2.34,1.17,0.442,-27.37,-23.0,4.37,-6.91,lufs,False,,
Human,elevenlabs,Anchor,"Hey, how are you?",hey-how-are-you,2,conv_1501m1hd8ycwefwrbb0yx36t20rh,user,2026-09-02 15:54:47+00:00,audio,"Hi, how are you?",export/voice_stimuli/Human_Anchor_hey-how-are-you_take2.wav,16000,16000,3.78,1.4,2.4,1.51,0.87,-27.3,-23.0,4.3,-7.4,lufs,False,,
Human,elevenlabs,Anchor,"Hey, how are you?",hey-how-are-you,3,conv_1001m1hd95jpev7txrpss6ajqtg9,user,2026-09-02 15:54:54+00:00,audio,"Hey, how are you?",export/voice_stimuli/Human_Anchor_hey-how-are-you_take3.wav,16000,16000,2.952,1.44,2.44,0.83,0.682,-29.46,-23.0,6.46,-7.2,lufs,False,,
Human,elevenlabs,Anchor,"Just reading the instructions, I think I'm the interviewer for this chat.",just-reading-the-instructions-i,1,conv_2601m1hda8ttete9hshw6txsgbp0,user,2026-09-02 15:55:30+00:00,audio,"Just reading the instructions, I think I'm the interviewer for this chat.",export/voice_stimuli/Human_Anchor_just-reading-the-instructions-i_take1.wav,16000,16000,5.364,3.32,4.32,1.11,0.934,-30.68,-23.0,7.68,-4.4,lufs,False,,
Human,elevenlabs,Anchor,"Just reading the instructions, I think I'm the interviewer for this chat.",just-reading-the-instructions-i,2,conv_7901m1hdahv4ejtapmk3g1g2vy43,user,2026-09-02 15:55:39+00:00,audio,Just reading the instructions. I think I'm the interviewer for this chat.,export/voice_stimuli/Human_Anchor_just-reading-the-instructions-i_take2.wav,16000,16000,5.688,3.94,4.94,1.01,0.738,-30.64,-23.0,7.64,-6.52,lufs,False,,
Human,elevenlabs,Anchor,"Just reading the instructions, I think I'm the interviewer for this chat.",just-reading-the-instructions-i,3,conv_2801m1hdat85fjg8vyj71r15h334,user,2026-09-02 15:55:48+00:00,audio,"Just reading the instructions, I think I'm the interviewer for this job?",export/voice_stimuli/Human_Anchor_just-reading-the-instructions-i_take3.wav,16000,16000,5.04,3.42,4.42,1.01,0.61,-31.24,-23.11,8.24,-3.37,lufs,False,,
Hume,file,cloneA,"Hey, can you hear me?",hey-can-you-hear-me,1,,,,,,export/voice_stimuli/Hume_cloneA_hey-can-you-hear-me_take1.wav,16000,48000,3.171,1.0,2.0,0.75,1.421,-39.42,-23.0,16.42,-9.22,lufs,False,export/voice_stimuli/_src/hume_stimuli/cloneA_utt1_0.wav,config
Hume,file,cloneA,"Hey, can you hear me?",hey-can-you-hear-me,2,,,,,,export/voice_stimuli/Hume_cloneA_hey-can-you-hear-me_take2.wav,16000,48000,3.754,1.18,2.18,1.19,1.384,-28.08,-23.0,5.08,-9.43,lufs,False,export/voice_stimuli/_src/hume_stimuli/cloneA_utt1_1.wav,config
Hume,file,cloneA,"Hey, can you hear me?",hey-can-you-hear-me,3,,,,,,export/voice_stimuli/Hume_cloneA_hey-can-you-hear-me_take3.wav,16000,48000,3.151,0.92,1.92,0.83,1.401,-41.27,-23.0,18.27,-8.76,lufs,False,export/voice_stimuli/_src/hume_stimuli/cloneA_utt1_2.wav,config
Hume,file,cloneA,"Hey, how are you?",hey-how-are-you,1,,,,,,export/voice_stimuli/Hume_cloneA_hey-how-are-you_take1.wav,16000,48000,3.106,0.86,1.86,0.75,1.496,-38.91,-23.0,15.91,-9.22,lufs,False,export/voice_stimuli/_src/hume_stimuli/cloneA_utt0_0.wav,config
Hume,file,cloneA,"Hey, how are you?",hey-how-are-you,2,,,,,,export/voice_stimuli/Hume_cloneA_hey-how-are-you_take2.wav,16000,48000,3.199,0.86,1.86,0.79,1.549,-40.51,-23.0,17.51,-9.31,lufs,False,export/voice_stimuli/_src/hume_stimuli/cloneA_utt0_1.wav,config
Hume,file,cloneA,"Hey, how are you?",hey-how-are-you,3,,,,,,export/voice_stimuli/Hume_cloneA_hey-how-are-you_take3.wav,16000,48000,3.626,0.84,1.84,0.83,1.956,-45.41,-23.0,22.41,-9.66,lufs,False,export/voice_stimuli/_src/hume_stimuli/cloneA_utt0_2.wav,config
Hume,file,cloneA,"Just reading the instructions, I think I'm the interviewer for this chat.",just-reading-the-instructions-i,1,,,,,,export/voice_stimuli/Hume_cloneA_just-reading-the-instructions-i_take1.wav,16000,48000,6.415,3.82,4.82,1.39,1.205,-42.72,-23.0,19.72,-6.2,lufs,False,export/voice_stimuli/_src/hume_stimuli/cloneA_utt2_0.wav,config
Hume,file,cloneA,"Just reading the instructions, I think I'm the interviewer for this chat.",just-reading-the-instructions-i,2,,,,,,export/voice_stimuli/Hume_cloneA_just-reading-the-instructions-i_take2.wav,16000,48000,5.376,3.68,4.68,0.77,0.926,-42.26,-23.0,19.26,-5.01,lufs,False,export/voice_stimuli/_src/hume_stimuli/cloneA_utt2_1.wav,config
Hume,file,cloneA,"Just reading the instructions, I think I'm the interviewer for this chat.",just-reading-the-instructions-i,3,,,,,,export/voice_stimuli/Hume_cloneA_just-reading-the-instructions-i_take3.wav,16000,48000,4.971,3.32,4.32,0.65,1.001,-44.58,-23.0,21.58,-7.04,lufs,False,export/voice_stimuli/_src/hume_stimuli/cloneA_utt2_2.wav,config
Hume,file,cloneC1,"Hey, can you hear me?",hey-can-you-hear-me,1,,,,,,export/voice_stimuli/Hume_cloneC1_hey-can-you-hear-me_take1.wav,16000,48000,3.788,0.94,1.94,1.49,1.358,-30.69,-23.0,7.69,-9.71,lufs,False,export/voice_stimuli/_src/hume_stimuli/cloneC1_utt1_0.wav,config
Hume,file,cloneC1,"Hey, can you hear me?",hey-can-you-hear-me,2,,,,,,export/voice_stimuli/Hume_cloneC1_hey-can-you-hear-me_take2.wav,16000,48000,3.186,1.3,2.3,0.83,1.056,-29.68,-23.0,6.68,-6.78,lufs,False,export/voice_stimuli/_src/hume_stimuli/cloneC1_utt1_1.wav,config
Hume,file,cloneC1,"Hey, can you hear me?",hey-can-you-hear-me,3,,,,,,export/voice_stimuli/Hume_cloneC1_hey-can-you-hear-me_take3.wav,16000,48000,3.457,0.98,1.98,0.93,1.547,-31.07,-23.0,8.07,-6.91,lufs,False,export/voice_stimuli/_src/hume_stimuli/cloneC1_utt1_2.wav,config
Hume,file,cloneC1,"Hey, how are you?",hey-how-are-you,1,,,,,,export/voice_stimuli/Hume_cloneC1_hey-how-are-you_take1.wav,16000,48000,3.448,1.12,2.12,1.33,0.998,-30.25,-23.0,7.25,-8.7,lufs,False,export/voice_stimuli/_src/hume_stimuli/cloneC1_utt0_0.wav,config
Hume,file,cloneC1,"Hey, how are you?",hey-how-are-you,2,,,,,,export/voice_stimuli/Hume_cloneC1_hey-how-are-you_take2.wav,16000,48000,2.89,1.28,2.28,0.71,0.9,-28.76,-23.0,5.76,-7.57,lufs,False,export/voice_stimuli/_src/hume_stimuli/cloneC1_utt0_1.wav,config
Hume,file,cloneC1,"Hey, how are you?",hey-how-are-you,3,,,,,,export/voice_stimuli/Hume_cloneC1_hey-how-are-you_take3.wav,16000,48000,3.113,1.28,2.28,1.11,0.723,-31.33,-23.0,8.33,-7.77,lufs,False,export/voice_stimuli/_src/hume_stimuli/cloneC1_utt0_2.wav,config
Hume,file,cloneC1,"Just reading the instructions, I think I'm the interviewer for this chat.",just-reading-the-instructions-i,1,,,,,,export/voice_stimuli/Hume_cloneC1_just-reading-the-instructions-i_take1.wav,16000,48000,6.794,3.9,4.9,1.09,1.804,-32.47,-23.0,9.47,-2.32,lufs,False,export/voice_stimuli/_src/hume_stimuli/cloneC1_utt2_0.wav,config
Hume,file,cloneC1,"Just reading the instructions, I think I'm the interviewer for this chat.",just-reading-the-instructions-i,2,,,,,,export/voice_stimuli/Hume_cloneC1_just-reading-the-instructions-i_take2.wav,16000,48000,4.908,3.22,4.22,0.73,0.958,-32.69,-23.0,9.69,-4.12,lufs,False,export/voice_stimuli/_src/hume_stimuli/cloneC1_utt2_1.wav,config
Hume,file,cloneC1,"Just reading the instructions, I think I'm the interviewer for this chat.",just-reading-the-instructions-i,3,,,,,,export/voice_stimuli/Hume_cloneC1_just-reading-the-instructions-i_take3.wav,16000,48000,5.992,3.68,4.68,0.79,1.522,-33.19,-23.0,10.19,-4.12,lufs,False,export/voice_stimuli/_src/hume_stimuli/cloneC1_utt2_2.wav,config
Hume,file,cloneC2,"Hey, can you hear me?",hey-can-you-hear-me,1,,,,,,export/voice_stimuli/Hume_cloneC2_hey-can-you-hear-me_take1.wav,16000,48000,3.478,1.1,2.1,0.85,1.528,-45.13,-23.0,22.13,-3.77,lufs,False,export/voice_stimuli/_src/hume_stimuli/cloneC2_utt1_0.wav,config
Hume,file,cloneC2,"Hey, can you hear me?",hey-can-you-hear-me,2,,,,,,export/voice_stimuli/Hume_cloneC2_hey-can-you-hear-me_take2.wav,16000,48000,3.246,1.3,2.3,0.83,1.116,-47.63,-23.0,24.63,-7.21,lufs,False,export/voice_stimuli/_src/hume_stimuli/cloneC2_utt1_1.wav,config
Hume,file,cloneC2,"Hey, can you hear me?",hey-can-you-hear-me,3,,,,,,export/voice_stimuli/Hume_cloneC2_hey-can-you-hear-me_take3.wav,16000,48000,3.257,1.28,2.28,0.77,1.207,-45.65,-23.0,22.65,-5.31,lufs,False,export/voice_stimuli/_src/hume_stimuli/cloneC2_utt1_2.wav,config
Hume,file,cloneC2,"Hey, how are you?",hey-how-are-you,1,,,,,,export/voice_stimuli/Hume_cloneC2_hey-how-are-you_take1.wav,16000,48000,2.703,1.0,2.0,0.79,0.913,-42.72,-23.0,19.72,-8.28,lufs,False,export/voice_stimuli/_src/hume_stimuli/cloneC2_utt0_0.wav,config
Hume,file,cloneC2,"Hey, how are you?",hey-how-are-you,2,,,,,,export/voice_stimuli/Hume_cloneC2_hey-how-are-you_take2.wav,16000,48000,2.849,0.88,1.88,0.69,1.279,-41.7,-23.0,18.7,-7.93,lufs,False,export/voice_stimuli/_src/hume_stimuli/cloneC2_utt0_1.wav,config
Hume,file,cloneC2,"Hey, how are you?",hey-how-are-you,3,,,,,,export/voice_stimuli/Hume_cloneC2_hey-how-are-you_take3.wav,16000,48000,3.073,0.9,1.9,0.73,1.443,-43.61,-23.0,20.61,-7.56,lufs,False,export/voice_stimuli/_src/hume_stimuli/cloneC2_utt0_2.wav,config
Hume,file,cloneC2,"Just reading the instructions, I think I'm the interviewer for this chat.",just-reading-the-instructions-i,1,,,,,,export/voice_stimuli/Hume_cloneC2_just-reading-the-instructions-i_take1.wav,16000,48000,4.965,2.88,3.88,1.09,0.995,-50.79,-23.0,27.79,-5.99,lufs,False,export/voice_stimuli/_src/hume_stimuli/cloneC2_utt2_0.wav,config
Hume,file,cloneC2,"Just reading the instructions, I think I'm the interviewer for this chat.",just-reading-the-instructions-i,2,,,,,,export/voice_stimuli/Hume_cloneC2_just-reading-the-instructions-i_take2.wav,16000,48000,6.495,4.44,5.44,0.89,1.165,-47.77,-23.0,24.77,-5.26,lufs,False,export/voice_stimuli/_src/hume_stimuli/cloneC2_utt2_1.wav,config
Hume,file,cloneC2,"Just reading the instructions, I think I'm the interviewer for this chat.",just-reading-the-instructions-i,3,,,,,,export/voice_stimuli/Hume_cloneC2_just-reading-the-instructions-i_take3.wav,16000,48000,6.472,3.72,4.72,1.03,1.722,-49.66,-23.0,26.66,-4.69,lufs,False,export/voice_stimuli/_src/hume_stimuli/cloneC2_utt2_2.wav,config
Hume,file,cloneS,"Hey, can you hear me?",hey-can-you-hear-me,1,,,,,,export/voice_stimuli/Hume_cloneS_hey-can-you-hear-me_take1.wav,16000,48000,3.416,1.26,2.26,0.83,1.326,-34.11,-23.0,11.11,-5.66,lufs,False,export/voice_stimuli/_src/hume_stimuli/cloneS_utt1_0.wav,config
Hume,file,cloneS,"Hey, can you hear me?",hey-can-you-hear-me,2,,,,,,export/voice_stimuli/Hume_cloneS_hey-can-you-hear-me_take2.wav,16000,48000,3.408,1.42,2.42,0.79,1.198,-35.78,-23.0,12.78,-5.45,lufs,False,export/voice_stimuli/_src/hume_stimuli/cloneS_utt1_1.wav,config
Hume,file,cloneS,"Hey, can you hear me?",hey-can-you-hear-me,3,,,,,,export/voice_stimuli/Hume_cloneS_hey-can-you-hear-me_take3.wav,16000,48000,3.568,1.08,2.08,1.09,1.398,-38.21,-23.0,15.21,-8.36,lufs,False,export/voice_stimuli/_src/hume_stimuli/cloneS_utt1_2.wav,config
Hume,file,cloneS,"Hey, how are you?",hey-how-are-you,1,,,,,,export/voice_stimuli/Hume_cloneS_hey-how-are-you_take1.wav,16000,48000,3.225,1.46,2.46,0.75,1.015,-36.62,-23.0,13.62,-6.93,lufs,False,export/voice_stimuli/_src/hume_stimuli/cloneS_utt0_0.wav,config
Hume,file,cloneS,"Hey, how are you?",hey-how-are-you,2,,,,,,export/voice_stimuli/Hume_cloneS_hey-how-are-you_take2.wav,16000,48000,4.067,2.06,3.06,1.81,0.197,-33.88,-23.33,10.88,-6.35,lufs,False,export/voice_stimuli/_src/hume_stimuli/cloneS_utt0_1.wav,config
Hume,file,cloneS,"Hey, how are you?",hey-how-are-you,3,,,,,,export/voice_stimuli/Hume_cloneS_hey-how-are-you_take3.wav,16000,48000,3.836,1.74,2.74,0.71,1.386,-36.22,-23.26,13.22,-10.61,lufs,False,export/voice_stimuli/_src/hume_stimuli/cloneS_utt0_2.wav,config
Hume,file,cloneS,"Just reading the instructions, I think I'm the interviewer for this chat.",just-reading-the-instructions-i,1,,,,,,export/voice_stimuli/Hume_cloneS_just-reading-the-instructions-i_take1.wav,16000,48000,4.808,3.08,4.08,0.91,0.818,-35.98,-23.0,12.98,-4.29,lufs,False,export/voice_stimuli/_src/hume_stimuli/cloneS_utt2_0.wav,config
Hume,file,cloneS,"Just reading the instructions, I think I'm the interviewer for this chat.",just-reading-the-instructions-i,2,,,,,,export/voice_stimuli/Hume_cloneS_just-reading-the-instructions-i_take2.wav,16000,48000,6.179,4.0,5.0,1.01,1.169,-38.74,-23.0,15.74,-5.91,lufs,False,export/voice_stimuli/_src/hume_stimuli/cloneS_utt2_1.wav,config
Hume,file,cloneS,"Just reading the instructions, I think I'm the interviewer for this chat.",just-reading-the-instructions-i,3,,,,,,export/voice_stimuli/Hume_cloneS_just-reading-the-instructions-i_take3.wav,16000,48000,6.261,4.32,5.32,0.99,0.951,-39.0,-23.0,16.0,-4.98,lufs,False,export/voice_stimuli/_src/hume_stimuli/cloneS_utt2_2.wav,config
Hume,file,presetF1,"Hey, can you hear me?",hey-can-you-hear-me,1,,,,,,export/voice_stimuli/Hume_presetF1_hey-can-you-hear-me_take1.wav,16000,48000,2.865,1.14,2.14,0.69,1.035,-31.69,-23.0,8.69,-5.04,lufs,False,export/voice_stimuli/_src/hume_stimuli/presetF1_utt1_0.wav,config
Hume,file,presetF1,"Hey, can you hear me?",hey-can-you-hear-me,2,,,,,,export/voice_stimuli/Hume_presetF1_hey-can-you-hear-me_take2.wav,16000,48000,2.608,1.08,2.08,0.67,0.858,-24.4,-23.0,1.4,-8.95,lufs,False,export/voice_stimuli/_src/hume_stimuli/presetF1_utt1_1.wav,config
Hume,file,presetF1,"Hey, can you hear me?",hey-can-you-hear-me,3,,,,,,export/voice_stimuli/Hume_presetF1_hey-can-you-hear-me_take3.wav,16000,48000,2.821,1.32,2.32,0.65,0.851,-30.46,-23.0,7.46,-8.24,lufs,False,export/voice_stimuli/_src/hume_stimuli/presetF1_utt1_2.wav,config
Hume,file,presetF1,"Hey, how are you?",hey-how-are-you,1,,,,,,export/voice_stimuli/Hume_presetF1_hey-how-are-you_take1.wav,16000,48000,3.296,1.4,2.4,1.37,0.526,-29.44,-23.0,6.44,-8.76,lufs,False,export/voice_stimuli/_src/hume_stimuli/presetF1_utt0_0.wav,config
Hume,file,presetF1,"Hey, how are you?",hey-how-are-you,2,,,,,,export/voice_stimuli/Hume_presetF1_hey-how-are-you_take2.wav,16000,48000,2.703,1.24,2.24,0.85,0.613,-25.28,-23.0,2.28,-6.92,lufs,False,export/voice_stimuli/_src/hume_stimuli/presetF1_utt0_1.wav,config
Hume,file,presetF1,"Hey, how are you?",hey-how-are-you,3,,,,,,export/voice_stimuli/Hume_presetF1_hey-how-are-you_take3.wav,16000,48000,2.447,1.24,2.24,0.75,0.457,-24.68,-23.0,1.68,-8.33,lufs,False,export/voice_stimuli/_src/hume_stimuli/presetF1_utt0_2.wav,config
Hume,file,presetF1,"Just reading the instructions, I think I'm the interviewer for this chat.",just-reading-the-instructions-i,1,,,,,,export/voice_stimuli/Hume_presetF1_just-reading-the-instructions-i_take1.wav,16000,48000,5.41,4.5,5.5,0.85,0.06,-33.23,-23.0,10.23,-3.47,lufs,False,export/voice_stimuli/_src/hume_stimuli/presetF1_utt2_0.wav,config
Hume,file,presetF1,"Just reading the instructions, I think I'm the interviewer for this chat.",just-reading-the-instructions-i,2,,,,,,export/voice_stimuli/Hume_presetF1_just-reading-the-instructions-i_take2.wav,16000,48000,5.196,4.466,5.466,0.73,0.0,-35.57,-23.0,12.57,-4.42,lufs,False,export/voice_stimuli/_src/hume_stimuli/presetF1_utt2_1.wav,config
Hume,file,presetF1,"Just reading the instructions, I think I'm the interviewer for this chat.",just-reading-the-instructions-i,3,,,,,,export/voice_stimuli/Hume_presetF1_just-reading-the-instructions-i_take3.wav,16000,48000,4.967,4.257,5.257,0.71,0.0,-32.0,-23.11,9.0,-2.45,lufs,False,export/voice_stimuli/_src/hume_stimuli/presetF1_utt2_2.wav,config
Hume,file,presetF2,"Hey, can you hear me?",hey-can-you-hear-me,1,,,,,,export/voice_stimuli/Hume_presetF2_hey-can-you-hear-me_take1.wav,16000,48000,3.479,1.4,2.4,0.65,1.429,-21.91,-23.0,-1.09,-10.84,lufs,False,export/voice_stimuli/_src/hume_stimuli/presetF2_utt1_0.wav,config
Hume,file,presetF2,"Hey, can you hear me?",hey-can-you-hear-me,2,,,,,,export/voice_stimuli/Hume_presetF2_hey-can-you-hear-me_take2.wav,16000,48000,3.198,1.2,2.2,0.67,1.328,-23.12,-23.0,0.12,-11.62,lufs,False,export/voice_stimuli/_src/hume_stimuli/presetF2_utt1_1.wav,config
Hume,file,presetF2,"Hey, can you hear me?",hey-can-you-hear-me,3,,,,,,export/voice_stimuli/Hume_presetF2_hey-can-you-hear-me_take3.wav,16000,48000,4.022,1.06,2.06,1.43,1.532,-21.51,-23.0,-1.49,-9.25,lufs,False,export/voice_stimuli/_src/hume_stimuli/presetF2_utt1_2.wav,config
Hume,file,presetF2,"Hey, how are you?",hey-how-are-you,1,,,,,,export/voice_stimuli/Hume_presetF2_hey-how-are-you_take1.wav,16000,48000,2.887,1.62,2.62,0.75,0.517,-23.61,-23.0,0.61,-9.78,lufs,False,export/voice_stimuli/_src/hume_stimuli/presetF2_utt0_0.wav,config
Hume,file,presetF2,"Hey, how are you?",hey-how-are-you,2,,,,,,export/voice_stimuli/Hume_presetF2_hey-how-are-you_take2.wav,16000,48000,2.946,1.14,2.14,0.63,1.176,-23.43,-23.0,0.43,-9.13,lufs,False,export/voice_stimuli/_src/hume_stimuli/presetF2_utt0_1.wav,config
Hume,file,presetF2,"Hey, how are you?",hey-how-are-you,3,,,,,,export/voice_stimuli/Hume_presetF2_hey-how-are-you_take3.wav,16000,48000,3.008,1.06,2.06,0.83,1.118,-23.49,-23.0,0.49,-10.86,lufs,False,export/voice_stimuli/_src/hume_stimuli/presetF2_utt0_2.wav,config
Hume,file,presetF2,"Just reading the instructions, I think I'm the interviewer for this chat.",just-reading-the-instructions-i,1,,,,,,export/voice_stimuli/Hume_presetF2_just-reading-the-instructions-i_take1.wav,16000,48000,5.025,3.58,4.58,0.65,0.795,-24.62,-23.0,1.62,-8.47,lufs,False,export/voice_stimuli/_src/hume_stimuli/presetF2_utt2_0.wav,config
Hume,file,presetF2,"Just reading the instructions, I think I'm the interviewer for this chat.",just-reading-the-instructions-i,2,,,,,,export/voice_stimuli/Hume_presetF2_just-reading-the-instructions-i_take2.wav,16000,48000,5.55,3.54,4.54,0.75,1.26,-23.11,-23.0,0.11,-9.56,lufs,False,export/voice_stimuli/_src/hume_stimuli/presetF2_utt2_1.wav,config
Hume,file,presetF2,"Just reading the instructions, I think I'm the interviewer for this chat.",just-reading-the-instructions-i,3,,,,,,export/voice_stimuli/Hume_presetF2_just-reading-the-instructions-i_take3.wav,16000,48000,5.727,3.4,4.4,1.07,1.257,-23.27,-23.0,0.27,-8.15,lufs,False,export/voice_stimuli/_src/hume_stimuli/presetF2_utt2_2.wav,config
Hume,file,presetM1,"Hey, can you hear me?",hey-can-you-hear-me,1,,,,,,export/voice_stimuli/Hume_presetM1_hey-can-you-hear-me_take1.wav,16000,48000,2.779,1.08,2.08,1.07,0.629,-20.55,-23.0,-2.45,-5.42,lufs,False,export/voice_stimuli/_src/hume_stimuli/presentM1_utt1_0.wav,config
Hume,file,presetM1,"Hey, can you hear me?",hey-can-you-hear-me,2,,,,,,export/voice_stimuli/Hume_presetM1_hey-can-you-hear-me_take2.wav,16000,48000,2.952,1.06,2.06,0.99,0.902,-20.54,-23.0,-2.46,-6.22,lufs,False,export/voice_stimuli/_src/hume_stimuli/presentM1_utt1_1.wav,config
Hume,file,presetM1,"Hey, how are you?",hey-how-are-you,1,,,,,,export/voice_stimuli/Hume_presetM1_hey-how-are-you_take1.wav,16000,48000,3.258,1.04,2.04,0.75,1.468,-22.81,-23.0,-0.19,-4.73,lufs,False,export/voice_stimuli/_src/hume_stimuli/presentM1_utt0_0.wav,config
Hume,file,presetM1,"Hey, how are you?",hey-how-are-you,2,,,,,,export/voice_stimuli/Hume_presetM1_hey-how-are-you_take2.wav,16000,48000,2.971,1.44,2.44,0.75,0.781,-20.7,-23.0,-2.3,-6.01,lufs,False,export/voice_stimuli/_src/hume_stimuli/presentM1_utt0_1.wav,config
Hume,file,presetM1,"Hey, how are you?",hey-how-are-you,3,,,,,,export/voice_stimuli/Hume_presetM1_hey-how-are-you_take3.wav,16000,48000,2.99,1.14,2.14,0.79,1.06,-19.87,-23.0,-3.13,-6.5,lufs,False,export/voice_stimuli/_src/hume_stimuli/presentM1_utt0_2.wav,config
Hume,file,presetM1,"Just reading the instructions, I think I'm the interviewer for this chat.",just-reading-the-instructions-i,1,,,,,,export/voice_stimuli/Hume_presetM1_just-reading-the-instructions-i_take1.wav,16000,48000,5.285,3.76,4.76,0.81,0.715,-25.02,-23.0,2.02,-4.37,lufs,False,export/voice_stimuli/_src/hume_stimuli/presentM1_utt2_0.wav,config
Hume,file,presetM1,"Just reading the instructions, I think I'm the interviewer for this chat.",just-reading-the-instructions-i,2,,,,,,export/voice_stimuli/Hume_presetM1_just-reading-the-instructions-i_take2.wav,16000,48000,4.535,3.22,4.22,0.83,0.485,-23.46,-23.0,0.46,-1.97,lufs,False,export/voice_stimuli/_src/hume_stimuli/presentM1_utt2_1.wav,config
Hume,file,presetM1,"Just reading the instructions, I think I'm the interviewer for this chat.",just-reading-the-instructions-i,3,,,,,,export/voice_stimuli/Hume_presetM1_just-reading-the-instructions-i_take3.wav,16000,48000,5.484,3.76,4.76,1.07,0.654,-23.9,-23.0,0.9,-4.11,lufs,False,export/voice_stimuli/_src/hume_stimuli/presentM1_utt2_2.wav,config
Hume,file,presetM2,"Hey, can you hear me?",hey-can-you-hear-me,1,,,,,,export/voice_stimuli/Hume_presetM2_hey-can-you-hear-me_take1.wav,16000,48000,3.856,1.16,2.16,1.45,1.246,-21.72,-23.0,-1.28,-6.94,lufs,False,export/voice_stimuli/_src/hume_stimuli/presetM2_utt1_0.wav,config
Hume,file,presetM2,"Hey, can you hear me?",hey-can-you-hear-me,2,,,,,,export/voice_stimuli/Hume_presetM2_hey-can-you-hear-me_take2.wav,16000,48000,4.001,1.28,2.28,0.83,1.891,-20.43,-23.0,-2.57,-10.1,lufs,False,export/voice_stimuli/_src/hume_stimuli/presetM2_utt1_1.wav,config
Hume,file,presetM2,"Hey, can you hear me?",hey-can-you-hear-me,3,,,,,,export/voice_stimuli/Hume_presetM2_hey-can-you-hear-me_take3.wav,16000,48000,3.31,1.44,2.44,0.75,1.12,-22.87,-23.0,-0.13,-9.53,lufs,False,export/voice_stimuli/_src/hume_stimuli/presetM2_utt1_2.wav,config
Hume,file,presetM2,"Hey, how are you?",hey-how-are-you,1,,,,,,export/voice_stimuli/Hume_presetM2_hey-how-are-you_take1.wav,16000,48000,2.848,1.2,2.2,0.67,0.978,-21.02,-23.0,-1.98,-7.25,lufs,False,export/voice_stimuli/_src/hume_stimuli/presetM2_utt0_0.wav,config
Hume,file,presetM2,"Hey, how are you?",hey-how-are-you,2,,,,,,export/voice_stimuli/Hume_presetM2_hey-how-are-you_take2.wav,16000,48000,3.886,0.98,1.98,1.27,1.636,-18.57,-23.0,-4.43,-11.05,lufs,False,export/voice_stimuli/_src/hume_stimuli/presetM2_utt0_1.wav,config
Hume,file,presetM2,"Hey, how are you?",hey-how-are-you,3,,,,,,export/voice_stimuli/Hume_presetM2_hey-how-are-you_take3.wav,16000,48000,3.599,1.22,2.22,0.69,1.689,-17.75,-23.0,-5.25,-9.22,lufs,False,export/voice_stimuli/_src/hume_stimuli/presetM2_utt0_2.wav,config
Hume,file,presetM2,"Just reading the instructions, I think I'm the interviewer for this chat.",just-reading-the-instructions-i,1,,,,,,export/voice_stimuli/Hume_presetM2_just-reading-the-instructions-i_take1.wav,16000,48000,7.74,4.54,5.54,1.81,1.39,-24.83,-23.0,1.83,-3.35,lufs,False,export/voice_stimuli/_src/hume_stimuli/presetM2_utt2_0.wav,config
Hume,file,presetM2,"Just reading the instructions, I think I'm the interviewer for this chat.",just-reading-the-instructions-i,2,,,,,,export/voice_stimuli/Hume_presetM2_just-reading-the-instructions-i_take2.wav,16000,48000,6.185,3.94,4.94,0.93,1.315,-28.09,-23.0,5.09,-6.16,lufs,False,export/voice_stimuli/_src/hume_stimuli/presetM2_utt2_1.wav,config
Hume,file,presetM2,"Just reading the instructions, I think I'm the interviewer for this chat.",just-reading-the-instructions-i,3,,,,,,export/voice_stimuli/Hume_presetM2_just-reading-the-instructions-i_take3.wav,16000,48000,5.667,3.86,4.86,0.75,1.057,-27.6,-23.0,4.6,-6.65,lufs,False,export/voice_stimuli/_src/hume_stimuli/presetM2_utt2_2.wav,config
Hume,file,textgenF1,"Hey, can you hear me?",hey-can-you-hear-me,1,,,,,,export/voice_stimuli/Hume_textgenF1_hey-can-you-hear-me_take1.wav,16000,48000,3.095,1.08,2.08,0.81,1.205,-16.41,-23.0,-6.59,-8.19,lufs,False,export/voice_stimuli/_src/hume_stimuli/textgenF1_utt1_0.wav,config
Hume,file,textgenF1,"Hey, can you hear me?",hey-can-you-hear-me,2,,,,,,export/voice_stimuli/Hume_textgenF1_hey-can-you-hear-me_take2.wav,16000,48000,4.757,0.88,1.88,2.49,1.387,-17.32,-23.0,-5.68,-9.63,lufs,False,export/voice_stimuli/_src/hume_stimuli/textgenF1_utt1_1.wav,config
Hume,file,textgenF1,"Hey, can you hear me?",hey-can-you-hear-me,3,,,,,,export/voice_stimuli/Hume_textgenF1_hey-can-you-hear-me_take3.wav,16000,48000,4.298,1.06,2.06,0.67,2.568,-14.89,-23.0,-8.11,-10.75,lufs,False,export/voice_stimuli/_src/hume_stimuli/textgenF1_utt1_2.wav,config
Hume,file,textgenF1,"Hey, how are you?",hey-how-are-you,1,,,,,,export/voice_stimuli/Hume_textgenF1_hey-how-are-you_take1.wav,16000,48000,3.352,0.96,1.96,1.19,1.202,-17.54,-23.0,-5.46,-8.01,lufs,False,export/voice_stimuli/_src/hume_stimuli/textgenF1_utt0_0.wav,config
Hume,file,textgenF1,"Hey, how are you?",hey-how-are-you,2,,,,,,export/voice_stimuli/Hume_textgenF1_hey-how-are-you_take2.wav,16000,48000,3.31,1.32,2.32,1.05,0.94,-17.49,-23.0,-5.51,-7.4,lufs,False,export/voice_stimuli/_src/hume_stimuli/textgenF1_utt0_1.wav,config
Hume,file,textgenF1,"Hey, how are you?",hey-how-are-you,3,,,,,,export/voice_stimuli/Hume_textgenF1_hey-how-are-you_take3.wav,16000,48000,2.563,0.98,1.98,0.79,0.793,-16.64,-23.0,-6.36,-8.87,lufs,False,export/voice_stimuli/_src/hume_stimuli/textgenF1_utt0_2.wav,config
Hume,file,textgenF1,"Just reading the instructions, I think I'm the interviewer for this chat.",just-reading-the-instructions-i,1,,,,,,export/voice_stimuli/Hume_textgenF1_just-reading-the-instructions-i_take1.wav,16000,48000,5.836,3.34,4.34,1.09,1.406,-18.3,-23.0,-4.7,-6.98,lufs,False,export/voice_stimuli/_src/hume_stimuli/textgenF1_utt2_0.wav,config
Hume,file,textgenF1,"Just reading the instructions, I think I'm the interviewer for this chat.",just-reading-the-instructions-i,2,,,,,,export/voice_stimuli/Hume_textgenF1_just-reading-the-instructions-i_take2.wav,16000,48000,5.461,3.62,4.62,0.81,1.031,-20.12,-23.0,-2.88,-7.17,lufs,False,export/voice_stimuli/_src/hume_stimuli/textgenF1_utt2_1.wav,config
Hume,file,textgenF1,"Just reading the instructions, I think I'm the interviewer for this chat.",just-reading-the-instructions-i,3,,,,,,export/voice_stimuli/Hume_textgenF1_just-reading-the-instructions-i_take3.wav,16000,48000,5.183,3.2,4.2,1.23,0.753,-18.92,-23.0,-4.08,-7.34,lufs,False,export/voice_stimuli/_src/hume_stimuli/textgenF1_utt2_2.wav,config
Hume,file,textgenF2,"Hey, can you hear me?",hey-can-you-hear-me,1,,,,,,export/voice_stimuli/Hume_textgenF2_hey-can-you-hear-me_take1.wav,16000,48000,4.069,1.08,2.08,0.67,2.319,-23.06,-23.0,0.06,-10.43,lufs,False,export/voice_stimuli/_src/hume_stimuli/textgenF2_utt1_0.wav,config
Hume,file,textgenF2,"Hey, can you hear me?",hey-can-you-hear-me,2,,,,,,export/voice_stimuli/Hume_textgenF2_hey-can-you-hear-me_take2.wav,16000,48000,3.175,1.26,2.26,1.01,0.905,-19.36,-23.0,-3.64,-8.8,lufs,False,export/voice_stimuli/_src/hume_stimuli/textgenF2_utt1_1.wav,config
Hume,file,textgenF2,"Hey, can you hear me?",hey-can-you-hear-me,3,,,,,,export/voice_stimuli/Hume_textgenF2_hey-can-you-hear-me_take3.wav,16000,48000,3.752,1.24,2.24,0.99,1.522,-20.25,-23.0,-2.75,-9.66,lufs,False,export/voice_stimuli/_src/hume_stimuli/textgenF2_utt1_2.wav,config
Hume,file,textgenF2,"Hey, how are you?",hey-how-are-you,1,,,,,,export/voice_stimuli/Hume_textgenF2_hey-how-are-you_take1.wav,16000,48000,3.154,0.98,1.98,0.69,1.484,-20.85,-23.0,-2.15,-9.52,lufs,False,export/voice_stimuli/_src/hume_stimuli/textgenF2_utt0_0.wav,config
Hume,file,textgenF2,"Hey, how are you?",hey-how-are-you,2,,,,,,export/voice_stimuli/Hume_textgenF2_hey-how-are-you_take2.wav,16000,48000,3.359,1.04,2.04,1.11,1.209,-19.03,-23.0,-3.97,-9.73,lufs,False,export/voice_stimuli/_src/hume_stimuli/textgenF2_utt0_1.wav,config
Hume,file,textgenF2,"Hey, how are you?",hey-how-are-you,3,,,,,,export/voice_stimuli/Hume_textgenF2_hey-how-are-you_take3.wav,16000,48000,2.664,1.08,2.08,0.73,0.854,-21.48,-23.0,-1.52,-9.39,lufs,False,export/voice_stimuli/_src/hume_stimuli/textgenF2_utt0_2.wav,config
Hume,file,textgenF2,"Just reading the instructions, I think I'm the interviewer for this chat.",just-reading-the-instructions-i,1,,,,,,export/voice_stimuli/Hume_textgenF2_just-reading-the-instructions-i_take1.wav,16000,48000,5.092,3.58,4.58,0.67,0.842,-21.87,-23.0,-1.13,-6.44,lufs,False,export/voice_stimuli/_src/hume_stimuli/textgenF2_utt2_0.wav,config
Hume,file,textgenF2,"Just reading the instructions, I think I'm the interviewer for this chat.",just-reading-the-instructions-i,2,,,,,,export/voice_stimuli/Hume_textgenF2_just-reading-the-instructions-i_take2.wav,16000,48000,5.466,3.26,4.26,0.79,1.416,-22.29,-23.0,-0.71,-7.44,lufs,False,export/voice_stimuli/_src/hume_stimuli/textgenF2_utt2_1.wav,config
Hume,file,textgenF2,"Just reading the instructions, I think I'm the interviewer for this chat.",just-reading-the-instructions-i,3,,,,,,export/voice_stimuli/Hume_textgenF2_just-reading-the-instructions-i_take3.wav,16000,48000,5.321,3.38,4.38,0.89,1.051,-22.02,-23.0,-0.98,-6.51,lufs,False,export/voice_stimuli/_src/hume_stimuli/textgenF2_utt2_2.wav,config
Hume,file,textgenM1,"Hey, can you hear me?",hey-can-you-hear-me,1,,,,,,export/voice_stimuli/Hume_textgenM1_hey-can-you-hear-me_take1.wav,16000,48000,3.464,1.0,2.0,0.65,1.814,-20.87,-23.0,-2.13,-6.87,lufs,False,export/voice_stimuli/_src/hume_stimuli/textgenM1_utt1_0.wav,config
Hume,file,textgenM1,"Hey, can you hear me?",hey-can-you-hear-me,2,,,,,,export/voice_stimuli/Hume_textgenM1_hey-can-you-hear-me_take2.wav,16000,48000,3.311,2.02,3.02,0.73,0.561,-25.32,-23.0,2.32,-6.34,lufs,False,export/voice_stimuli/_src/hume_stimuli/textgenM1_utt1_1.wav,config
Hume,file,textgenM1,"Hey, can you hear me?",hey-can-you-hear-me,3,,,,,,export/voice_stimuli/Hume_textgenM1_hey-can-you-hear-me_take3.wav,16000,48000,3.779,1.04,2.04,0.75,1.989,-19.83,-23.0,-3.17,-5.99,lufs,False,export/voice_stimuli/_src/hume_stimuli/textgenM1_utt1_2.wav,config
Hume,file,textgenM1,"Hey, how are you?",hey-how-are-you,1,,,,,,export/voice_stimuli/Hume_textgenM1_hey-how-are-you_take1.wav,16000,48000,2.962,1.08,2.08,0.85,1.032,-20.45,-23.0,-2.55,-5.19,lufs,False,export/voice_stimuli/_src/hume_stimuli/textgenM1_utt0_0.wav,config
Hume,file,textgenM1,"Hey, how are you?",hey-how-are-you,2,,,,,,export/voice_stimuli/Hume_textgenM1_hey-how-are-you_take2.wav,16000,48000,2.865,1.24,2.24,0.67,0.955,-20.11,-23.0,-2.89,-6.68,lufs,False,export/voice_stimuli/_src/hume_stimuli/textgenM1_utt0_1.wav,config
Hume,file,textgenM1,"Hey, how are you?",hey-how-are-you,3,,,,,,export/voice_stimuli/Hume_textgenM1_hey-how-are-you_take3.wav,16000,48000,3.726,1.28,2.28,0.61,1.836,-22.35,-23.0,-0.65,-4.74,lufs,False,export/voice_stimuli/_src/hume_stimuli/textgenM1_utt0_2.wav,config
Hume,file,textgenM1,"Just reading the instructions, I think I'm the interviewer for this chat.",just-reading-the-instructions-i,1,,,,,,export/voice_stimuli/Hume_textgenM1_just-reading-the-instructions-i_take1.wav,16000,48000,6.178,3.08,4.08,1.05,2.048,-21.23,-23.0,-1.77,-6.51,lufs,False,export/voice_stimuli/_src/hume_stimuli/textgenM1_utt2_0.wav,config
Hume,file,textgenM1,"Just reading the instructions, I think I'm the interviewer for this chat.",just-reading-the-instructions-i,2,,,,,,export/voice_stimuli/Hume_textgenM1_just-reading-the-instructions-i_take2.wav,16000,48000,5.38,3.14,4.14,0.73,1.51,-22.38,-23.0,-0.62,-4.61,lufs,False,export/voice_stimuli/_src/hume_stimuli/textgenM1_utt2_1.wav,config
Hume,file,textgenM1,"Just reading the instructions, I think I'm the interviewer for this chat.",just-reading-the-instructions-i,3,,,,,,export/voice_stimuli/Hume_textgenM1_just-reading-the-instructions-i_take3.wav,16000,48000,5.926,3.28,4.28,1.03,1.616,-23.02,-23.0,0.02,-4.72,lufs,False,export/voice_stimuli/_src/hume_stimuli/textgenM1_utt2_2.wav,config
Hume,file,textgenM2,"Hey, can you hear me?",hey-can-you-hear-me,1,,,,,,export/voice_stimuli/Hume_textgenM2_hey-can-you-hear-me_take1.wav,16000,48000,3.489,1.2,2.2,0.93,1.359,-19.67,-23.0,-3.33,-7.63,lufs,False,export/voice_stimuli/_src/hume_stimuli/textgenM2_utt1_0.wav,config
Hume,file,textgenM2,"Hey, can you hear me?",hey-can-you-hear-me,2,,,,,,export/voice_stimuli/Hume_textgenM2_hey-can-you-hear-me_take2.wav,16000,48000,3.4,1.22,2.22,0.87,1.31,-20.8,-23.0,-2.2,-5.84,lufs,False,export/voice_stimuli/_src/hume_stimuli/textgenM2_utt1_1.wav,config
Hume,file,textgenM2,"Hey, can you hear me?",hey-can-you-hear-me,3,,,,,,export/voice_stimuli/Hume_textgenM2_hey-can-you-hear-me_take3.wav,16000,48000,3.566,2.1,3.1,1.33,0.136,-18.44,-23.0,-4.56,-6.52,lufs,False,export/voice_stimuli/_src/hume_stimuli/textgenM2_utt1_2.wav,config
Hume,file,textgenM2,"Hey, how are you?",hey-how-are-you,1,,,,,,export/voice_stimuli/Hume_textgenM2_hey-how-are-you_take1.wav,16000,48000,3.79,1.14,2.14,1.27,1.38,-20.28,-23.0,-2.72,-8.87,lufs,False,export/voice_stimuli/_src/hume_stimuli/textgenM2_utt0_0.wav,config
Hume,file,textgenM2,"Hey, how are you?",hey-how-are-you,2,,,,,,export/voice_stimuli/Hume_textgenM2_hey-how-are-you_take2.wav,16000,48000,3.067,0.94,1.94,0.81,1.317,-19.82,-23.0,-3.18,-7.69,lufs,False,export/voice_stimuli/_src/hume_stimuli/textgenM2_utt0_1.wav,config
Hume,file,textgenM2,"Hey, how are you?",hey-how-are-you,3,,,,,,export/voice_stimuli/Hume_textgenM2_hey-how-are-you_take3.wav,16000,48000,3.284,1.04,2.04,0.79,1.454,-17.22,-23.0,-5.78,-9.15,lufs,False,export/voice_stimuli/_src/hume_stimuli/textgenM2_utt0_2.wav,config
Hume,file,textgenM2,"Just reading the instructions, I think I'm the interviewer for this chat.",just-reading-the-instructions-i,1,,,,,,export/voice_stimuli/Hume_textgenM2_just-reading-the-instructions-i_take1.wav,16000,48000,5.499,3.16,4.16,0.67,1.669,-22.63,-23.0,-0.37,-5.21,lufs,False,export/voice_stimuli/_src/hume_stimuli/textgenM2_utt2_0.wav,config
Hume,file,textgenM2,"Just reading the instructions, I think I'm the interviewer for this chat.",just-reading-the-instructions-i,2,,,,,,export/voice_stimuli/Hume_textgenM2_just-reading-the-instructions-i_take2.wav,16000,48000,5.803,3.58,4.58,0.91,1.313,-19.84,-23.0,-3.16,-7.94,lufs,False,export/voice_stimuli/_src/hume_stimuli/textgenM2_utt2_1.wav,config
Hume,file,textgenM2,"Just reading the instructions, I think I'm the interviewer for this chat.",just-reading-the-instructions-i,3,,,,,,export/voice_stimuli/Hume_textgenM2_just-reading-the-instructions-i_take3.wav,16000,48000,4.759,3.3,4.3,1.01,0.449,-21.95,-23.0,-1.05,-4.98,lufs,False,export/voice_stimuli/_src/hume_stimuli/textgenM2_utt2_2.wav,config
OpenAI,file,ballad,"Hey, can you hear me?",hey-can-you-hear-me,1,,,,,,export/voice_stimuli/OpenAI_ballad_hey-can-you-hear-me_take1.wav,16000,24000,5.04,1.8,2.8,2.59,0.65,-25.82,-23.0,2.82,-8.03,lufs,False,export/voice_stimuli/_src/OAI_recordings/ballad_utt1_0.wav,config
OpenAI,file,ballad,"Hey, can you hear me?",hey-can-you-hear-me,2,,,,,,export/voice_stimuli/OpenAI_ballad_hey-can-you-hear-me_take2.wav,16000,24000,5.44,2.02,3.02,2.93,0.49,-26.89,-23.0,3.89,-7.91,lufs,False,export/voice_stimuli/_src/OAI_recordings/ballad_utt1_1.wav,config
OpenAI,file,ballad,"Hey, can you hear me?",hey-can-you-hear-me,3,,,,,,export/voice_stimuli/OpenAI_ballad_hey-can-you-hear-me_take3.wav,16000,24000,9.0,1.8,2.8,6.39,0.81,-27.5,-23.0,4.5,-7.14,lufs,False,export/voice_stimuli/_src/OAI_recordings/ballad_utt1_2.wav,config
OpenAI,file,ballad,"Hey, how are you?",hey-how-are-you,1,,,,,,export/voice_stimuli/OpenAI_ballad_hey-how-are-you_take1.wav,16000,24000,8.18,2.5,3.5,5.39,0.29,-25.21,-23.0,2.21,-7.05,lufs,False,export/voice_stimuli/_src/OAI_recordings/ballad_utt0_0.wav,config
OpenAI,file,ballad,"Hey, how are you?",hey-how-are-you,2,,,,,,export/voice_stimuli/OpenAI_ballad_hey-how-are-you_take2.wav,16000,24000,9.14,1.34,2.34,7.17,0.63,-23.8,-23.0,0.8,-6.69,lufs,False,export/voice_stimuli/_src/OAI_recordings/ballad_utt0_1.wav,config
OpenAI,file,ballad,"Hey, how are you?",hey-how-are-you,3,,,,,,export/voice_stimuli/OpenAI_ballad_hey-how-are-you_take3.wav,16000,24000,5.14,2.81,3.81,2.33,0.0,-26.15,-23.0,3.15,-6.64,lufs,False,export/voice_stimuli/_src/OAI_recordings/ballad_utt0_2.wav,config
OpenAI,file,ballad,"Just reading the instructions, I think I'm the interviewer for this chat.",just-reading-the-instructions-i,1,,,,,,export/voice_stimuli/OpenAI_ballad_just-reading-the-instructions-i_take1.wav,16000,24000,8.18,5.54,6.54,2.31,0.33,-29.92,-23.0,6.92,-4.69,lufs,False,export/voice_stimuli/_src/OAI_recordings/ballad_utt2_0.wav,config
OpenAI,file,ballad,"Just reading the instructions, I think I'm the interviewer for this chat.",just-reading-the-instructions-i,2,,,,,,export/voice_stimuli/OpenAI_ballad_just-reading-the-instructions-i_take2.wav,16000,24000,7.62,4.56,5.56,2.73,0.33,-30.33,-23.0,7.33,-3.89,lufs,False,export/voice_stimuli/_src/OAI_recordings/ballad_utt2_1.wav,config
OpenAI,file,ballad,"Just reading the instructions, I think I'm the interviewer for this chat.",just-reading-the-instructions-i,3,,,,,,export/voice_stimuli/OpenAI_ballad_just-reading-the-instructions-i_take3.wav,16000,24000,7.4,5.03,6.03,2.37,0.0,-30.46,-23.0,7.46,-3.34,lufs,False,export/voice_stimuli/_src/OAI_recordings/ballad_utt2_2.wav,config
OpenAI,file,cedar,"Hey, can you hear me?",hey-can-you-hear-me,1,,,,,,export/voice_stimuli/OpenAI_cedar_hey-can-you-hear-me_take1.wav,16000,24000,5.8,1.8,2.8,3.11,0.89,-22.62,-23.0,-0.38,-6.99,lufs,False,export/voice_stimuli/_src/OAI_recordings/cedar_utt1_0.wav,config
OpenAI,file,cedar,"Hey, can you hear me?",hey-can-you-hear-me,2,,,,,,export/voice_stimuli/OpenAI_cedar_hey-can-you-hear-me_take2.wav,16000,24000,5.28,2.11,3.11,3.17,0.0,-22.66,-23.0,-0.34,-3.74,lufs,False,export/voice_stimuli/_src/OAI_recordings/cedar_utt1_1.wav,config
OpenAI,file,cedar,"Hey, can you hear me?",hey-can-you-hear-me,3,,,,,,export/voice_stimuli/OpenAI_cedar_hey-can-you-hear-me_take3.wav,16000,24000,6.0,1.76,2.76,3.53,0.71,-21.24,-23.0,-1.76,-5.34,lufs,False,export/voice_stimuli/_src/OAI_recordings/cedar_utt1_2.wav,config
OpenAI,file,cedar,"Hey, how are you?",hey-how-are-you,1,,,,,,export/voice_stimuli/OpenAI_cedar_hey-how-are-you_take1.wav,16000,24000,5.64,2.35,3.35,3.29,0.0,-22.32,-23.0,-0.68,-3.32,lufs,False,export/voice_stimuli/_src/OAI_recordings/cedar_utt0_0.wav,config
OpenAI,file,cedar,"Hey, how are you?",hey-how-are-you,2,,,,,,export/voice_stimuli/OpenAI_cedar_hey-how-are-you_take2.wav,16000,24000,5.2,2.47,3.47,2.73,0.0,-20.16,-23.0,-2.84,-4.06,lufs,False,export/voice_stimuli/_src/OAI_recordings/cedar_utt0_1.wav,config
OpenAI,file,cedar,"Hey, how are you?",hey-how-are-you,3,,,,,,export/voice_stimuli/OpenAI_cedar_hey-how-are-you_take3.wav,16000,24000,5.6,2.41,3.41,3.19,0.0,-22.45,-23.0,-0.55,-4.49,lufs,False,export/voice_stimuli/_src/OAI_recordings/cedar_utt0_2.wav,config
OpenAI,file,cedar,"Just reading the instructions, I think I'm the interviewer for this chat.",just-reading-the-instructions-i,1,,,,,,export/voice_stimuli/OpenAI_cedar_just-reading-the-instructions-i_take1.wav,16000,24000,7.48,3.52,4.52,3.37,0.59,-24.03,-23.0,1.03,-1.48,lufs,False,export/voice_stimuli/_src/OAI_recordings/cedar_utt2_0.wav,config
OpenAI,file,cedar,"Just reading the instructions, I think I'm the interviewer for this chat.",just-reading-the-instructions-i,2,,,,,,export/voice_stimuli/OpenAI_cedar_just-reading-the-instructions-i_take2.wav,16000,24000,7.1,3.3,4.3,2.85,0.95,-24.29,-23.0,1.29,-4.25,lufs,False,export/voice_stimuli/_src/OAI_recordings/cedar_utt2_1.wav,config
OpenAI,file,cedar,"Just reading the instructions, I think I'm the interviewer for this chat.",just-reading-the-instructions-i,3,,,,,,export/voice_stimuli/OpenAI_cedar_just-reading-the-instructions-i_take3.wav,16000,24000,7.76,5.0,6.0,2.73,0.03,-23.12,-23.0,0.12,-3.13,lufs,False,export/voice_stimuli/_src/OAI_recordings/cedar_utt2_2.wav,config
OpenAI,file,coral,"Hey, can you hear me?",hey-can-you-hear-me,1,,,,,,export/voice_stimuli/OpenAI_coral_hey-can-you-hear-me_take1.wav,16000,24000,4.72,1.92,2.92,2.31,0.49,-25.58,-23.0,2.58,-9.29,lufs,False,export/voice_stimuli/_src/OAI_recordings/coral_utt1_0.wav,config
OpenAI,file,coral,"Hey, can you hear me?",hey-can-you-hear-me,2,,,,,,export/voice_stimuli/OpenAI_coral_hey-can-you-hear-me_take2.wav,16000,24000,4.56,1.28,2.28,2.69,0.59,-24.54,-23.0,1.54,-8.6,lufs,False,export/voice_stimuli/_src/OAI_recordings/coral_utt1_1.wav,config
OpenAI,file,coral,"Hey, can you hear me?",hey-can-you-hear-me,3,,,,,,export/voice_stimuli/OpenAI_coral_hey-can-you-hear-me_take3.wav,16000,24000,5.06,1.44,2.44,2.95,0.67,-24.07,-23.0,1.07,-11.52,lufs,False,export/voice_stimuli/_src/OAI_recordings/coral_utt1_2.wav,config
OpenAI,file,coral,"Hey, how are you?",hey-how-are-you,1,,,,,,export/voice_stimuli/OpenAI_coral_hey-how-are-you_take1.wav,16000,24000,5.28,1.4,2.4,3.33,0.55,-21.73,-23.0,-1.27,-5.95,lufs,False,export/voice_stimuli/_src/OAI_recordings/coral_utt0_0.wav,config
OpenAI,file,coral,"Hey, how are you?",hey-how-are-you,2,,,,,,export/voice_stimuli/OpenAI_coral_hey-how-are-you_take2.wav,16000,24000,4.92,1.64,2.64,2.73,0.55,-23.26,-23.0,0.26,-5.92,lufs,False,export/voice_stimuli/_src/OAI_recordings/coral_utt0_1.wav,config
OpenAI,file,coral,"Hey, how are you?",hey-how-are-you,3,,,,,,export/voice_stimuli/OpenAI_coral_hey-how-are-you_take3.wav,16000,24000,4.64,1.58,2.58,2.61,0.45,-22.64,-23.0,-0.36,-7.79,lufs,False,export/voice_stimuli/_src/OAI_recordings/coral_utt0_2.wav,config
OpenAI,file,coral,"Just reading the instructions, I think I'm the interviewer for this chat.",just-reading-the-instructions-i,1,,,,,,export/voice_stimuli/OpenAI_coral_just-reading-the-instructions-i_take1.wav,16000,24000,10.04,4.5,5.5,5.01,0.53,-28.18,-23.0,5.18,-7.06,lufs,False,export/voice_stimuli/_src/OAI_recordings/coral_utt2_0.wav,config
OpenAI,file,coral,"Just reading the instructions, I think I'm the interviewer for this chat.",just-reading-the-instructions-i,2,,,,,,export/voice_stimuli/OpenAI_coral_just-reading-the-instructions-i_take2.wav,16000,24000,8.04,3.98,4.98,3.79,0.27,-29.78,-23.0,6.78,-7.17,lufs,False,export/voice_stimuli/_src/OAI_recordings/coral_utt2_1.wav,config
OpenAI,file,coral,"Just reading the instructions, I think I'm the interviewer for this chat.",just-reading-the-instructions-i,3,,,,,,export/voice_stimuli/OpenAI_coral_just-reading-the-instructions-i_take3.wav,16000,24000,9.24,4.2,5.2,4.91,0.13,-28.43,-23.0,5.43,-7.71,lufs,False,export/voice_stimuli/_src/OAI_recordings/coral_utt2_2.wav,config
OpenAI,file,marin,"Hey, can you hear me?",hey-can-you-hear-me,1,,,,,,export/voice_stimuli/OpenAI_marin_hey-can-you-hear-me_take1.wav,16000,24000,4.82,2.07,3.07,2.75,0.0,-22.51,-23.0,-0.49,-8.19,lufs,False,export/voice_stimuli/_src/OAI_recordings/marin_utt1_0.wav,config
OpenAI,file,marin,"Hey, can you hear me?",hey-can-you-hear-me,2,,,,,,export/voice_stimuli/OpenAI_marin_hey-can-you-hear-me_take2.wav,16000,24000,4.08,1.18,2.18,2.43,0.47,-21.41,-23.0,-1.59,-11.58,lufs,False,export/voice_stimuli/_src/OAI_recordings/marin_utt1_1.wav,config
OpenAI,file,marin,"Hey, can you hear me?",hey-can-you-hear-me,3,,,,,,export/voice_stimuli/OpenAI_marin_hey-can-you-hear-me_take3.wav,16000,24000,4.42,2.33,3.33,2.09,0.0,-23.21,-23.0,0.21,-5.93,lufs,False,export/voice_stimuli/_src/OAI_recordings/marin_utt1_2.wav,config
OpenAI,file,marin,"Hey, how are you?",hey-how-are-you,1,,,,,,export/voice_stimuli/OpenAI_marin_hey-how-are-you_take1.wav,16000,24000,5.94,2.45,3.45,3.49,0.0,-22.52,-23.0,-0.48,-6.72,lufs,False,export/voice_stimuli/_src/OAI_recordings/marin_utt0_0.wav,config
OpenAI,file,marin,"Hey, how are you?",hey-how-are-you,2,,,,,,export/voice_stimuli/OpenAI_marin_hey-how-are-you_take2.wav,16000,24000,3.86,2.09,3.09,1.77,0.0,-22.24,-23.0,-0.76,-1.81,lufs,False,export/voice_stimuli/_src/OAI_recordings/marin_utt0_1.wav,config
OpenAI,file,marin,"Hey, how are you?",hey-how-are-you,3,,,,,,export/voice_stimuli/OpenAI_marin_hey-how-are-you_take3.wav,16000,24000,4.94,2.18,3.18,2.75,0.01,-23.06,-23.0,0.06,-7.52,lufs,False,export/voice_stimuli/_src/OAI_recordings/marin_utt0_2.wav,config
OpenAI,file,marin,"Just reading the instructions, I think I'm the interviewer for this chat.",just-reading-the-instructions-i,1,,,,,,export/voice_stimuli/OpenAI_marin_just-reading-the-instructions-i_take1.wav,16000,24000,7.8,4.67,5.67,3.13,0.0,-23.33,-23.0,0.33,-6.75,lufs,False,export/voice_stimuli/_src/OAI_recordings/marin_utt2_0.wav,config
OpenAI,file,marin,"Just reading the instructions, I think I'm the interviewer for this chat.",just-reading-the-instructions-i,2,,,,,,export/voice_stimuli/OpenAI_marin_just-reading-the-instructions-i_take2.wav,16000,24000,7.42,4.13,5.13,3.29,0.0,-22.93,-23.0,-0.07,-9.1,lufs,False,export/voice_stimuli/_src/OAI_recordings/marin_utt2_1.wav,config
OpenAI,file,marin,"Just reading the instructions, I think I'm the interviewer for this chat.",just-reading-the-instructions-i,3,,,,,,export/voice_stimuli/OpenAI_marin_just-reading-the-instructions-i_take3.wav,16000,24000,7.98,4.3,5.3,3.61,0.07,-24.71,-23.0,1.71,-4.8,lufs,False,export/voice_stimuli/_src/OAI_recordings/marin_utt2_2.wav,config
Robot,elevenlabs,Anchor,"Hey, can you hear me?",hey-can-you-hear-me,1,conv_2301m1k5qytne7tsb7pvrszgbmxb,agent,2026-09-03 08:21:39+00:00,response_audio,"Hey, can you hear me?",export/voice_stimuli/Robot_Anchor_hey-can-you-hear-me_take1.wav,16000,16000,2.16,1.54,2.54,0.29,0.33,-17.53,-23.0,-5.47,-6.58,lufs,False,,
Robot,elevenlabs,Anchor,"Hey, can you hear me?",hey-can-you-hear-me,2,conv_5301m1k5r417e5kr44gpmmb6cssq,agent,2026-09-03 08:21:44+00:00,response_audio,"Hey, can you hear me?",export/voice_stimuli/Robot_Anchor_hey-can-you-hear-me_take2.wav,16000,16000,1.8,1.48,2.48,0.19,0.13,-17.98,-23.0,-5.02,-7.07,lufs,False,,
Robot,elevenlabs,Anchor,"Hey, can you hear me?",hey-can-you-hear-me,3,conv_4801m1k5rapxf09978jn2h2reg7j,agent,2026-09-03 08:21:51+00:00,response_audio,"Hey, can you hear me?",export/voice_stimuli/Robot_Anchor_hey-can-you-hear-me_take3.wav,16000,16000,1.836,1.56,2.56,0.17,0.106,-17.93,-23.0,-5.07,-7.68,lufs,False,,
Robot,elevenlabs,Anchor,"Hey, how are you?",hey-how-are-you,1,conv_5301m1k5vjtxekcax4mqk4wp5j16,agent,2026-09-03 08:23:38+00:00,response_audio,"Hey, how are you?",export/voice_stimuli/Robot_Anchor_hey-how-are-you_take1.wav,16000,16000,2.088,1.4,2.4,0.21,0.478,-16.35,-23.0,-6.65,-7.88,lufs,False,,
Robot,elevenlabs,Anchor,"Hey, how are you?",hey-how-are-you,2,conv_0901m1k5vpvbe7wa93r5gk5w32rn,agent,2026-09-03 08:23:42+00:00,response_audio,"Hey, how are you?",export/voice_stimuli/Robot_Anchor_hey-how-are-you_take2.wav,16000,16000,1.512,1.12,2.12,0.19,0.202,-16.05,-23.0,-6.95,-9.72,lufs,False,,
Robot,elevenlabs,Anchor,"Hey, how are you?",hey-how-are-you,3,conv_4001m1k5vv47frv80rk1ankebprc,agent,2026-09-03 08:23:46+00:00,response_audio,"Hey, how are you?",export/voice_stimuli/Robot_Anchor_hey-how-are-you_take3.wav,16000,16000,1.98,1.56,2.56,0.23,0.19,-16.32,-23.0,-6.68,-8.4,lufs,False,,
Robot,elevenlabs,Anchor,"Just reading the instructions, I think I'm the interviewer for this chat.",just-reading-the-instructions-i,1,conv_4601m1k5tmvkf60a9t29rp10emhk,agent,2026-09-03 08:23:07+00:00,response_audio,"Just reading the instructions, I think I'm the interviewer for this chat.",export/voice_stimuli/Robot_Anchor_just-reading-the-instructions-i_take1.wav,16000,16000,4.068,3.66,4.66,0.21,0.198,-18.21,-23.0,-4.79,-5.75,lufs,False,,
Robot,elevenlabs,Anchor,"Just reading the instructions, I think I'm the interviewer for this chat.",just-reading-the-instructions-i,2,conv_2201m1k5tv52edfv735s6n7pcf25,agent,2026-09-03 08:23:13+00:00,response_audio,"Just reading the instructions, I think I'm the interviewer for this chat.",export/voice_stimuli/Robot_Anchor_just-reading-the-instructions-i_take2.wav,16000,16000,4.284,3.94,4.94,0.17,0.174,-18.62,-23.0,-4.38,-5.48,lufs,False,,
Robot,elevenlabs,Anchor,"Just reading the instructions, I think I'm the interviewer for this chat.",just-reading-the-instructions-i,3,conv_1201m1k5v1gre469zgtmjx56mz03,agent,2026-09-03 08:23:20+00:00,response_audio,"Just reading the instructions, I think I'm the interviewer for this chat.",export/voice_stimuli/Robot_Anchor_just-reading-the-instructions-i_take3.wav,16000,16000,4.068,3.56,4.56,0.27,0.238,-17.97,-23.0,-5.03,-5.85,lufs,False,,
