voice,utterance,take,conversation_id,channel,recorded_utc,track,transcript,path,sample_rate,raw_dur_s,speech_dur_s,clip_dur_s,trimmed_lead_s,trimmed_tail_s,in_lufs,out_lufs,gain_db,out_peak_dbfs,loudness_method,peak_limited
HumanAnchor,"Hey, can you hear me?",1,conv_6801m1hd9ekyf1mskrneg5zqgt0x,user,2026-09-02 15:55:03+00:00,audio,"Hey, can you hear me?",export/voice_stimuli_human_anchor/HumanAnchor_hey-can-you-hear-me_take1.wav,16000,3.456,1.08,2.08,1.25,1.126,-26.1,-23.0,3.1,-6.83,lufs,False
HumanAnchor,"Hey, can you hear me?",2,conv_9801m1hd9mx3f83s4pr31mfhntfq,user,2026-09-02 15:55:10+00:00,audio,"Hey, can you hear me?",export/voice_stimuli_human_anchor/HumanAnchor_hey-can-you-hear-me_take2.wav,16000,3.132,1.38,2.38,1.07,0.682,-28.57,-23.0,5.57,-6.35,lufs,False
HumanAnchor,"Hey, can you hear me?",3,conv_2501m1hd9v18ffw8nc4cjgwxxvy5,user,2026-09-02 15:55:16+00:00,audio,"Hey, can you hear me?",export/voice_stimuli_human_anchor/HumanAnchor_hey-can-you-hear-me_take3.wav,16000,3.6,1.32,2.32,1.27,1.01,-28.78,-23.0,5.78,-5.68,lufs,False
HumanAnchor,"Hey, how are you?",1,conv_3001m1hd8qw9fxy956p51xmektz4,user,2026-09-02 15:54:40+00:00,audio,"Hey, how are you?",export/voice_stimuli_human_anchor/HumanAnchor_hey-how-are-you_take1.wav,16000,2.952,1.34,2.34,1.17,0.442,-27.37,-23.0,4.37,-6.91,lufs,False
HumanAnchor,"Hey, how are you?",2,conv_1501m1hd8ycwefwrbb0yx36t20rh,user,2026-09-02 15:54:47+00:00,audio,"Hi, how are you?",export/voice_stimuli_human_anchor/HumanAnchor_hey-how-are-you_take2.wav,16000,3.78,1.4,2.4,1.51,0.87,-27.3,-23.0,4.3,-7.4,lufs,False
HumanAnchor,"Hey, how are you?",3,conv_1001m1hd95jpev7txrpss6ajqtg9,user,2026-09-02 15:54:54+00:00,audio,"Hey, how are you?",export/voice_stimuli_human_anchor/HumanAnchor_hey-how-are-you_take3.wav,16000,2.952,1.44,2.44,0.83,0.682,-29.46,-23.0,6.46,-7.2,lufs,False
HumanAnchor,"Just reading the instructions, I think I'm the interviewer for this chat.",1,conv_2601m1hda8ttete9hshw6txsgbp0,user,2026-09-02 15:55:30+00:00,audio,"Just reading the instructions, I think I'm the interviewer for this chat.",export/voice_stimuli_human_anchor/HumanAnchor_just-reading-the-instructions-i_take1.wav,16000,5.364,3.32,4.32,1.11,0.934,-30.68,-23.0,7.68,-4.4,lufs,False
HumanAnchor,"Just reading the instructions, I think I'm the interviewer for this chat.",2,conv_7901m1hdahv4ejtapmk3g1g2vy43,user,2026-09-02 15:55:39+00:00,audio,Just reading the instructions. I think I'm the interviewer for this chat.,export/voice_stimuli_human_anchor/HumanAnchor_just-reading-the-instructions-i_take2.wav,16000,5.688,3.94,4.94,1.01,0.738,-30.64,-23.0,7.64,-6.52,lufs,False
HumanAnchor,"Just reading the instructions, I think I'm the interviewer for this chat.",3,conv_2801m1hdat85fjg8vyj71r15h334,user,2026-09-02 15:55:48+00:00,audio,"Just reading the instructions, I think I'm the interviewer for this job?",export/voice_stimuli_human_anchor/HumanAnchor_just-reading-the-instructions-i_take3.wav,16000,5.04,3.42,4.42,1.01,0.61,-31.24,-23.11,8.24,-3.37,lufs,False
