voice,utterance,take,conversation_id,recorded_utc,track,transcript,path,sample_rate,raw_dur_s,speech_dur_s,clip_dur_s,trimmed_lead_s,trimmed_tail_s,in_lufs,out_lufs,gain_db,out_peak_dbfs,loudness_method,peak_limited
Verity,"Hey, can you hear me?",1,conv_0601m1h9nyzyeqbvkzg80xd7168c,2026-09-02 14:51:59+00:00,response_audio,"Hey, can you hear me?",export/voice_stimuli_round3/Verity_hey-can-you-hear-me_take1.wav,16000,1.8,1.73,2.73,0.07,0.0,-15.09,-23.0,-7.91,-10.26,lufs,False
Verity,"Hey, can you hear me?",2,conv_5901m1h9phf8fr29ymhx9mxcrd59,2026-09-02 14:52:18+00:00,response_audio,"Hey, can you hear me?",export/voice_stimuli_round3/Verity_hey-can-you-hear-me_take2.wav,16000,1.872,1.802,2.802,0.07,0.0,-19.04,-23.0,-3.96,-8.68,lufs,False
Verity,"Hey, can you hear me?",3,conv_9901m1h9pp6yf0mbsdpqw6knz9w2,2026-09-02 14:52:23+00:00,response_audio,"Hey, can you hear me?",export/voice_stimuli_round3/Verity_hey-can-you-hear-me_take3.wav,16000,1.836,1.7,2.7,0.13,0.006,-23.9,-23.0,0.9,-5.88,lufs,False
Verity,"Hey, how are you?",1,conv_9601m1h4z9vjetzr2pdncsse88qr,2026-09-02 13:29:42+00:00,response_audio,"Hey, how are you?",export/voice_stimuli_round3/Verity_hey-how-are-you_take1.wav,16000,1.944,1.794,2.794,0.15,0.0,-24.42,-23.0,1.42,-7.9,lufs,False
Verity,"Hey, how are you?",2,conv_8701m1h4zzzfe0ws9mdd7pm4w2n2,2026-09-02 13:30:05+00:00,response_audio,"Hey, how are you?",export/voice_stimuli_round3/Verity_hey-how-are-you_take2.wav,16000,2.088,1.958,2.958,0.13,0.0,-25.44,-23.0,2.44,-7.5,lufs,False
Verity,"Hey, how are you?",3,conv_4701m1h508aqeq6sz9jzadfa9n7c,2026-09-02 13:30:13+00:00,response_audio,"Hey, how are you?",export/voice_stimuli_round3/Verity_hey-how-are-you_take3.wav,16000,2.052,1.982,2.982,0.07,0.0,-26.18,-23.0,3.18,-9.13,lufs,False
Verity,"Just reading the instructions, I think I'm the interviewer for this chat.",1,conv_8201m1h5kvvwfx88y3cykj7gn1g4,2026-09-02 13:40:56+00:00,response_audio,"Just reading the instructions, I think I'm the interviewer for this chat.",export/voice_stimuli_round3/Verity_just-reading-the-instructions-i_take1.wav,16000,4.716,4.546,5.546,0.17,0.0,-26.09,-23.0,3.09,-5.88,lufs,False
Verity,"Just reading the instructions, I think I'm the interviewer for this chat.",2,conv_7101m1h5m9x0er9teak696hdf961,2026-09-02 13:41:10+00:00,response_audio,"Just reading the instructions, I think I'm the interviewer for this chat.",export/voice_stimuli_round3/Verity_just-reading-the-instructions-i_take2.wav,16000,4.428,4.238,5.238,0.19,0.0,-27.02,-23.0,4.02,-2.32,lufs,False
Verity,"Just reading the instructions, I think I'm the interviewer for this chat.",3,conv_2301m1h5mgbqfefb3d92ccsvp89n,2026-09-02 13:41:17+00:00,response_audio,"Just reading the instructions, I think I'm the interviewer for this chat.",export/voice_stimuli_round3/Verity_just-reading-the-instructions-i_take3.wav,16000,4.5,4.29,5.29,0.21,0.0,-21.74,-23.0,-1.26,-3.67,lufs,False
George,"Hey, can you hear me?",1,conv_0001m1h9qbmhf6zatpfc82krm8jj,2026-09-02 14:52:45+00:00,response_audio,"Hey, can you hear me?",export/voice_stimuli_round3/George_hey-can-you-hear-me_take1.wav,16000,1.656,1.22,2.22,0.23,0.206,-24.38,-23.0,1.38,-3.72,lufs,False
George,"Hey, can you hear me?",2,conv_0001m1h9qfzgenksm77782dbsj7z,2026-09-02 14:52:49+00:00,response_audio,"Hey, can you hear me?",export/voice_stimuli_round3/George_hey-can-you-hear-me_take2.wav,16000,1.224,0.92,1.92,0.19,0.114,-21.43,-23.0,-1.57,-4.52,lufs,False
George,"Hey, can you hear me?",3,conv_9501m1h9qmfxejcs7yn15rxhc6dk,2026-09-02 14:52:54+00:00,response_audio,"Hey, can you hear me?",export/voice_stimuli_round3/George_hey-can-you-hear-me_take3.wav,16000,1.188,0.8,1.8,0.17,0.218,-20.7,-23.0,-2.3,-4.82,lufs,False
George,"Hey, how are you?",1,conv_4001m1h4xxnceey804b06x3hbw08,2026-09-02 13:28:57+00:00,response_audio,"Hey, how are you?",export/voice_stimuli_round3/George_hey-how-are-you_take1.wav,16000,1.656,1.22,2.22,0.15,0.286,-16.91,-23.0,-6.09,-9.24,lufs,False
George,"Hey, how are you?",2,conv_5001m1h4y698fw2tbq6hqbt447yy,2026-09-02 13:29:06+00:00,response_audio,"Hey, how are you?",export/voice_stimuli_round3/George_hey-how-are-you_take2.wav,16000,1.224,0.86,1.86,0.17,0.194,-19.38,-23.0,-3.62,-5.96,lufs,False
George,"Hey, how are you?",3,conv_4301m1h4yfkdfebs2jp5fh0b5431,2026-09-02 13:29:15+00:00,response_audio,"Hey, how are you?",export/voice_stimuli_round3/George_hey-how-are-you_take3.wav,16000,1.224,0.9,1.9,0.21,0.114,-18.01,-23.0,-4.99,-7.28,lufs,False
George,"Just reading the instructions, I think I'm the interviewer for this chat.",1,conv_8901m1h5na4vecar58x28rf3ef26,2026-09-02 13:41:43+00:00,response_audio,"Just reading the instructions, I think I'm the interviewer for this chat.",export/voice_stimuli_round3/George_just-reading-the-instructions-i_take1.wav,16000,3.024,2.68,3.68,0.15,0.194,-20.33,-23.0,-2.67,-4.18,lufs,False
George,"Just reading the instructions, I think I'm the interviewer for this chat.",2,conv_4101m1h5nfz9f2ktapj5wcqtdcde,2026-09-02 13:41:49+00:00,response_audio,"Just reading the instructions, I think I'm the interviewer for this chat.",export/voice_stimuli_round3/George_just-reading-the-instructions-i_take2.wav,16000,3.312,2.8,3.8,0.27,0.242,-19.01,-23.0,-3.99,-5.81,lufs,False
George,"Just reading the instructions, I think I'm the interviewer for this chat.",3,conv_0401m1h5nqcmecw8r1rgsq2wnjm1,2026-09-02 13:41:57+00:00,response_audio,"Just reading the instructions, I think I'm the interviewer for this chat.",export/voice_stimuli_round3/George_just-reading-the-instructions-i_take3.wav,16000,3.312,2.86,3.86,0.23,0.222,-19.33,-23.0,-3.67,-5.32,lufs,False
Prince,"Hey, can you hear me?",1,conv_2801m1h9rqbfesmvp44jnwt8s28s,2026-09-02 14:53:29+00:00,response_audio,"Hey, can you hear me?",export/voice_stimuli_round3/Prince_hey-can-you-hear-me_take1.wav,16000,1.26,1.04,2.04,0.17,0.05,-19.18,-23.0,-3.82,-10.72,lufs,False
Prince,"Hey, can you hear me?",2,conv_0401m1h9rxbyez6b2fvefn829f7y,2026-09-02 14:53:35+00:00,response_audio,"Hey, can you hear me?",export/voice_stimuli_round3/Prince_hey-can-you-hear-me_take2.wav,16000,1.332,0.88,1.88,0.27,0.182,-17.86,-23.0,-5.14,-6.91,lufs,False
Prince,"Hey, can you hear me?",3,conv_9301m1h9s1nbewt8h43z9byspc7j,2026-09-02 14:53:40+00:00,response_audio,"Hey, can you hear me?",export/voice_stimuli_round3/Prince_hey-can-you-hear-me_take3.wav,16000,1.224,1.04,2.04,0.11,0.074,-23.38,-23.0,0.38,-7.53,lufs,False
Prince,"Hey, how are you?",1,conv_6301m1h516wafdma1bz2aemrtast,2026-09-02 13:30:45+00:00,response_audio,"Hey, how are you?",export/voice_stimuli_round3/Prince_hey-how-are-you_take1.wav,16000,1.26,0.88,1.88,0.25,0.13,-17.74,-23.0,-5.26,-8.44,lufs,False
Prince,"Hey, how are you?",2,conv_1901m1h526scem58s10gerqa2kff,2026-09-02 13:31:17+00:00,response_audio,"Hey, how are you?",export/voice_stimuli_round3/Prince_hey-how-are-you_take2.wav,16000,1.296,0.9,1.9,0.19,0.206,-17.1,-23.0,-5.9,-8.79,lufs,False
Prince,"Hey, how are you?",3,conv_3401m1h52d46e2vv3sq31czbqykn,2026-09-02 13:31:24+00:00,response_audio,"Hey, how are you?",export/voice_stimuli_round3/Prince_hey-how-are-you_take3.wav,16000,1.26,1.0,2.0,0.17,0.09,-16.15,-23.0,-6.85,-11.56,lufs,False
Prince,"Just reading the instructions, I think I'm the interviewer for this chat.",1,conv_8901m1h5pwhjfq48pvmzhhm2je5s,2026-09-02 13:42:35+00:00,response_audio,"Just reading the instructions, I think I'm the interviewer for this chat.",export/voice_stimuli_round3/Prince_just-reading-the-instructions-i_take1.wav,16000,3.852,3.22,4.22,0.27,0.362,-20.68,-23.0,-2.32,-5.6,lufs,False
Prince,"Just reading the instructions, I think I'm the interviewer for this chat.",2,conv_8501m1h5q3cefcrtbck4c5sq60h6,2026-09-02 13:42:42+00:00,response_audio,"Just reading the instructions, I think I'm the interviewer for this chat.",export/voice_stimuli_round3/Prince_just-reading-the-instructions-i_take2.wav,16000,3.276,2.92,3.92,0.25,0.106,-20.94,-23.0,-2.06,-5.86,lufs,False
Prince,"Just reading the instructions, I think I'm the interviewer for this chat.",3,conv_5501m1h5q9mze1a9cmwhwksr2qcp,2026-09-02 13:42:48+00:00,response_audio,"Just reading the instructions, I think I'm the interviewer for this chat.",export/voice_stimuli_round3/Prince_just-reading-the-instructions-i_take3.wav,16000,3.276,2.82,3.82,0.29,0.166,-20.48,-23.0,-2.52,-9.28,lufs,False
Lucy,"Hey, can you hear me?",1,conv_6601m1h9sjb2fsza8e4bzhqvpzg3,2026-09-02 14:53:57+00:00,response_audio,"Hey, can you hear me?",export/voice_stimuli_round3/Lucy_hey-can-you-hear-me_take1.wav,16000,1.62,1.34,2.34,0.17,0.11,-13.44,-23.0,-9.56,-9.94,lufs,False
Lucy,"Hey, can you hear me?",2,conv_3201m1h9spdbfwvbvqr8zhydg4gj,2026-09-02 14:54:01+00:00,response_audio,"Hey, can you hear me?",export/voice_stimuli_round3/Lucy_hey-can-you-hear-me_take2.wav,16000,1.332,1.08,2.08,0.21,0.042,-17.37,-23.0,-5.63,-9.11,lufs,False
Lucy,"Hey, can you hear me?",3,conv_0701m1h9ste2fasr6z4nzj0kfzw7,2026-09-02 14:54:05+00:00,response_audio,"Hey, can you hear me?",export/voice_stimuli_round3/Lucy_hey-can-you-hear-me_take3.wav,16000,1.944,1.52,2.52,0.21,0.214,-13.69,-23.0,-9.31,-10.16,lufs,False
Lucy,"Hey, how are you?",1,conv_8601m1h547ynecbazs8jzwb83ftj,2026-09-02 13:32:24+00:00,response_audio,"Hey, how are you?",export/voice_stimuli_round3/Lucy_hey-how-are-you_take1.wav,16000,2.196,1.64,2.64,0.41,0.146,-17.18,-23.0,-5.82,-10.69,lufs,False
Lucy,"Hey, how are you?",2,conv_9701m1h54xvcfmtvq9d04brey03v,2026-09-02 13:32:46+00:00,response_audio,"Hey, how are you?",export/voice_stimuli_round3/Lucy_hey-how-are-you_take2.wav,16000,1.8,1.44,2.44,0.15,0.21,-13.14,-23.0,-9.86,-10.85,lufs,False
Lucy,"Hey, how are you?",3,conv_5701m1h554steqxsc9gs8pbkp446,2026-09-02 13:32:53+00:00,response_audio,"Hey, how are you?",export/voice_stimuli_round3/Lucy_hey-how-are-you_take3.wav,16000,1.584,1.26,2.26,0.17,0.154,-13.81,-23.0,-9.19,-11.68,lufs,False
Lucy,"Just reading the instructions, I think I'm the interviewer for this chat.",1,conv_1001m1h5qyn4fy0v25yb4g94atvp,2026-09-02 13:43:10+00:00,response_audio,"Just reading the instructions, I think I'm the interviewer for this chat.",export/voice_stimuli_round3/Lucy_just-reading-the-instructions-i_take1.wav,16000,3.96,3.69,4.69,0.27,0.0,-15.66,-23.0,-7.34,-7.76,lufs,False
Lucy,"Just reading the instructions, I think I'm the interviewer for this chat.",2,conv_4801m1h5r6yyfda91v3zpnyaqjbv,2026-09-02 13:43:18+00:00,response_audio,"Just reading the instructions, I think I'm the interviewer for this chat.",export/voice_stimuli_round3/Lucy_just-reading-the-instructions-i_take2.wav,16000,4.176,3.86,4.86,0.25,0.066,-18.48,-23.0,-4.52,-4.96,lufs,False
Lucy,"Just reading the instructions, I think I'm the interviewer for this chat.",3,conv_6301m1h5rdkge1x9v87034qrxc8v,2026-09-02 13:43:25+00:00,response_audio,"Just reading the instructions, I think I'm the interviewer for this chat.",export/voice_stimuli_round3/Lucy_just-reading-the-instructions-i_take3.wav,16000,4.572,3.98,4.98,0.31,0.282,-16.99,-23.0,-6.01,-7.66,lufs,False
AnnaClone,"Hey, can you hear me?",1,conv_7801m1h9tmmnf2wsgq9gx385d27p,2026-09-02 14:54:32+00:00,response_audio,"Hey, can you hear me?",export/voice_stimuli_round3/AnnaClone_hey-can-you-hear-me_take1.wav,16000,1.908,1.7,2.7,0.17,0.038,-17.52,-23.0,-5.48,-7.95,lufs,False
AnnaClone,"Hey, can you hear me?",2,conv_1001m1h9ttfwf4gv0m9cqhmtvqr8,2026-09-02 14:54:38+00:00,response_audio,"Hey, can you hear me?",export/voice_stimuli_round3/AnnaClone_hey-can-you-hear-me_take2.wav,16000,1.836,1.72,2.72,0.11,0.006,-18.05,-23.0,-4.95,-6.82,lufs,False
AnnaClone,"Hey, can you hear me?",3,conv_6401m1h9ty7hfeyt3k5wnw2c5ge6,2026-09-02 14:54:42+00:00,response_audio,"Hey, can you hear me?",export/voice_stimuli_round3/AnnaClone_hey-can-you-hear-me_take3.wav,16000,1.404,1.334,2.334,0.07,0.0,-22.69,-23.0,-0.31,-7.19,lufs,False
AnnaClone,"Hey, how are you?",1,conv_8501m1h56a5pf2ps1gxy9yzbxwdt,2026-09-02 13:33:32+00:00,response_audio,"Hey, how are you?",export/voice_stimuli_round3/AnnaClone_hey-how-are-you_take1.wav,16000,1.692,1.52,2.52,0.17,0.002,-14.78,-23.0,-8.22,-10.33,lufs,False
AnnaClone,"Hey, how are you?",2,conv_3601m1h56ggeewktnsdhjb212sgc,2026-09-02 13:33:38+00:00,response_audio,"Hey, how are you?",export/voice_stimuli_round3/AnnaClone_hey-how-are-you_take2.wav,16000,1.836,1.726,2.726,0.11,0.0,-16.51,-23.0,-6.49,-10.07,lufs,False
AnnaClone,"Hey, how are you?",3,conv_7201m1h56p19f9qv8bkzq158qt40,2026-09-02 13:33:44+00:00,response_audio,"Hey, how are you?",export/voice_stimuli_round3/AnnaClone_hey-how-are-you_take3.wav,16000,1.944,1.834,2.834,0.11,0.0,-21.99,-23.0,-1.01,-10.28,lufs,False
AnnaClone,"Just reading the instructions, I think I'm the interviewer for this chat.",1,conv_0201m1h5sjr2fxwt82hf477mk1ve,2026-09-02 13:44:03+00:00,response_audio,"Just reading the instructions, I think I'm the interviewer for this chat.",export/voice_stimuli_round3/AnnaClone_just-reading-the-instructions-i_take1.wav,16000,4.032,3.902,4.902,0.13,0.0,-24.14,-23.0,1.14,-5.38,lufs,False
AnnaClone,"Just reading the instructions, I think I'm the interviewer for this chat.",2,conv_5601m1h5stzqez3az15spwb38qew,2026-09-02 13:44:12+00:00,response_audio,"Just reading the instructions, I think I'm the interviewer for this chat.",export/voice_stimuli_round3/AnnaClone_just-reading-the-instructions-i_take2.wav,16000,4.176,4.06,5.06,0.11,0.006,-21.39,-23.0,-1.61,-6.07,lufs,False
AnnaClone,"Just reading the instructions, I think I'm the interviewer for this chat.",3,conv_2401m1h5t1mcfwf91jms06zq0qm3,2026-09-02 13:44:18+00:00,response_audio,"Just reading the instructions, I think I'm the interviewer for this chat.",export/voice_stimuli_round3/AnnaClone_just-reading-the-instructions-i_take3.wav,16000,3.708,3.598,4.598,0.11,0.0,-22.19,-23.0,-0.81,-5.7,lufs,False
SarenneClone,"Hey, can you hear me?",1,conv_0901m1h9w345f85ra4hw1p1z9fp4,2026-09-02 14:55:20+00:00,response_audio,"Hey, can you hear me?",export/voice_stimuli_round3/SarenneClone_hey-can-you-hear-me_take1.wav,16000,1.62,1.08,2.08,0.29,0.25,-19.11,-23.0,-3.89,-6.87,lufs,False
SarenneClone,"Hey, can you hear me?",2,conv_7101m1h9w6r2egpt8mde9rym3n2s,2026-09-02 14:55:23+00:00,response_audio,"Hey, can you hear me?",export/voice_stimuli_round3/SarenneClone_hey-can-you-hear-me_take2.wav,16000,1.836,1.38,2.38,0.19,0.266,-18.42,-23.0,-4.58,-10.65,lufs,False
SarenneClone,"Hey, can you hear me?",3,conv_4401m1h9wag6esqb5zr32e893jdq,2026-09-02 14:55:27+00:00,response_audio,"Hey, can you hear me?",export/voice_stimuli_round3/SarenneClone_hey-can-you-hear-me_take3.wav,16000,1.656,1.2,2.2,0.27,0.186,-18.21,-23.0,-4.79,-8.84,lufs,False
SarenneClone,"Hey, how are you?",1,conv_6901m1h57y2qe2688efvzjs7nc8d,2026-09-02 13:34:25+00:00,response_audio,"Hey, how are you?",export/voice_stimuli_round3/SarenneClone_hey-how-are-you_take1.wav,16000,1.944,1.54,2.54,0.25,0.154,-20.39,-23.0,-2.61,-7.36,lufs,False
SarenneClone,"Hey, how are you?",2,conv_2801m1h58444fcfbk00pzvdmc8n4,2026-09-02 13:34:31+00:00,response_audio,"Hey, how are you?",export/voice_stimuli_round3/SarenneClone_hey-how-are-you_take2.wav,16000,1.98,1.52,2.52,0.17,0.29,-19.6,-23.0,-3.4,-8.81,lufs,False
SarenneClone,"Hey, how are you?",3,conv_8501m1h589v3e05bsmm7e97rjn96,2026-09-02 13:34:37+00:00,response_audio,"Hey, how are you?",export/voice_stimuli_round3/SarenneClone_hey-how-are-you_take3.wav,16000,2.088,1.58,2.58,0.19,0.318,-21.8,-23.0,-1.2,-9.3,lufs,False
SarenneClone,"Just reading the instructions, I think I'm the interviewer for this chat.",1,conv_3001m1h5tr0negbba0ydbnf0jp3z,2026-09-02 13:44:41+00:00,response_audio,"Just reading the instructions, I think I'm the interviewer for this chat.",export/voice_stimuli_round3/SarenneClone_just-reading-the-instructions-i_take1.wav,16000,3.564,3.24,4.24,0.21,0.114,-28.81,-23.0,5.81,-4.46,lufs,False
SarenneClone,"Just reading the instructions, I think I'm the interviewer for this chat.",2,conv_7801m1h5v19yfh7v657v5jzhrykq,2026-09-02 13:44:51+00:00,response_audio,"Just reading the instructions, I think I'm the interviewer for this chat.",export/voice_stimuli_round3/SarenneClone_just-reading-the-instructions-i_take2.wav,16000,3.528,3.2,4.2,0.21,0.118,-23.36,-23.0,0.36,-5.09,lufs,False
SarenneClone,"Just reading the instructions, I think I'm the interviewer for this chat.",3,conv_8101m1h5v7dvexas3dk2fdzgqvck,2026-09-02 13:44:57+00:00,response_audio,"Just reading the instructions, I think I'm the interviewer for this chat.",export/voice_stimuli_round3/SarenneClone_just-reading-the-instructions-i_take3.wav,16000,3.348,2.92,3.92,0.25,0.178,-19.49,-23.0,-3.51,-6.23,lufs,False
ChrisClone_LongNN,"Hey, can you hear me?",1,conv_8901m1h9wzvkevctwcb3ehaxv38j,2026-09-02 14:55:49+00:00,response_audio,"Hey, can you hear me?",export/voice_stimuli_round3/ChrisClone_LongNN_hey-can-you-hear-me_take1.wav,16000,1.584,1.08,2.08,0.19,0.314,-17.04,-23.0,-5.96,-8.24,lufs,False
ChrisClone_LongNN,"Hey, can you hear me?",2,conv_7501m1h9x4kef56813jdy4br7hrc,2026-09-02 14:55:54+00:00,response_audio,"Hey, can you hear me?",export/voice_stimuli_round3/ChrisClone_LongNN_hey-can-you-hear-me_take2.wav,16000,1.26,0.9,1.9,0.21,0.15,-14.83,-23.0,-8.17,-8.79,lufs,False
ChrisClone_LongNN,"Hey, can you hear me?",3,conv_5301m1h9x83deh1rag9a8kpt0y8j,2026-09-02 14:55:58+00:00,response_audio,"Hey, can you hear me?",export/voice_stimuli_round3/ChrisClone_LongNN_hey-can-you-hear-me_take3.wav,16000,1.548,0.96,1.96,0.19,0.398,-18.06,-23.0,-4.94,-7.99,lufs,False
ChrisClone_LongNN,"Hey, how are you?",1,conv_4501m1h5938hf3kr8mgyy90nx80p,2026-09-02 13:35:03+00:00,response_audio,"Hey, how are you?",export/voice_stimuli_round3/ChrisClone_LongNN_hey-how-are-you_take1.wav,16000,1.764,1.34,2.34,0.17,0.254,-19.23,-23.0,-3.77,-7.87,lufs,False
ChrisClone_LongNN,"Hey, how are you?",2,conv_5901m1h599djfyfbxk7ncs9njvgf,2026-09-02 13:35:09+00:00,response_audio,"Hey, how are you?",export/voice_stimuli_round3/ChrisClone_LongNN_hey-how-are-you_take2.wav,16000,1.476,1.04,2.04,0.19,0.246,-15.6,-23.0,-7.4,-9.06,lufs,False
ChrisClone_LongNN,"Hey, how are you?",3,conv_7301m1h59ee6fxbrma9dqw10wn7m,2026-09-02 13:35:14+00:00,response_audio,"Hey, how are you?",export/voice_stimuli_round3/ChrisClone_LongNN_hey-how-are-you_take3.wav,16000,1.332,0.9,1.9,0.21,0.222,-15.37,-23.0,-7.63,-9.21,lufs,False
ChrisClone_LongNN,"Just reading the instructions, I think I'm the interviewer for this chat.",1,conv_6601m1h5vz5bezsagshkww12pjq4,2026-09-02 13:45:21+00:00,response_audio,"Just reading the instructions, I think I'm the interviewer for this chat.",export/voice_stimuli_round3/ChrisClone_LongNN_just-reading-the-instructions-i_take1.wav,16000,3.96,3.38,4.38,0.31,0.27,-17.96,-23.0,-5.04,-8.1,lufs,False
ChrisClone_LongNN,"Just reading the instructions, I think I'm the interviewer for this chat.",2,conv_3001m1h5w5vmej0afse6apzstk4p,2026-09-02 13:45:28+00:00,response_audio,"Just reading the instructions, I think I'm the interviewer for this chat.",export/voice_stimuli_round3/ChrisClone_LongNN_just-reading-the-instructions-i_take2.wav,16000,3.852,3.4,4.4,0.21,0.242,-17.54,-23.0,-5.46,-7.94,lufs,False
ChrisClone_LongNN,"Just reading the instructions, I think I'm the interviewer for this chat.",3,conv_6501m1h5wcezevcvaj8r4smd16nr,2026-09-02 13:45:35+00:00,response_audio,"Just reading the instructions, I think I'm the interviewer for this chat.",export/voice_stimuli_round3/ChrisClone_LongNN_just-reading-the-instructions-i_take3.wav,16000,4.428,4.08,5.08,0.25,0.098,-17.11,-23.0,-5.89,-7.04,lufs,False
ChrisClone_GUI3,"Hey, can you hear me?",1,conv_8001m1h9xv5semvtfyw4zsn8pyt1,2026-09-02 14:56:17+00:00,response_audio,"Hey, can you hear me?",export/voice_stimuli_round3/ChrisClone_GUI3_hey-can-you-hear-me_take1.wav,16000,1.368,1.0,2.0,0.17,0.198,-20.69,-23.0,-2.31,-6.65,lufs,False
ChrisClone_GUI3,"Hey, can you hear me?",2,conv_7701m1h9y2twfq5aa5fqfnbf7prr,2026-09-02 14:56:25+00:00,response_audio,"Hey, can you hear me?",export/voice_stimuli_round3/ChrisClone_GUI3_hey-can-you-hear-me_take2.wav,16000,1.404,1.0,2.0,0.21,0.194,-18.15,-23.0,-4.85,-6.35,lufs,False
ChrisClone_GUI3,"Hey, can you hear me?",3,conv_2301m1h9y730fsktr5sfe8qq08f6,2026-09-02 14:56:29+00:00,response_audio,"Hey, can you hear me?",export/voice_stimuli_round3/ChrisClone_GUI3_hey-can-you-hear-me_take3.wav,16000,1.404,0.96,1.96,0.23,0.214,-22.62,-23.0,-0.38,-4.72,lufs,False
ChrisClone_GUI3,"Hey, how are you?",1,conv_1601m1h5a6tpe76ayx57h09k5ws5,2026-09-02 13:35:39+00:00,response_audio,"Hey, how are you?",export/voice_stimuli_round3/ChrisClone_GUI3_hey-how-are-you_take1.wav,16000,1.584,1.2,2.2,0.13,0.254,-14.91,-23.0,-8.09,-9.16,lufs,False
ChrisClone_GUI3,"Hey, how are you?",2,conv_0101m1h5acryfpwtjfc2xdwc2hk8,2026-09-02 13:35:45+00:00,response_audio,"Hey, how are you?",export/voice_stimuli_round3/ChrisClone_GUI3_hey-how-are-you_take2.wav,16000,1.872,1.44,2.44,0.21,0.222,-17.32,-23.0,-5.68,-9.57,lufs,False
ChrisClone_GUI3,"Hey, how are you?",3,conv_5101m1h5aj19e8grd0e53vq0phj2,2026-09-02 13:35:51+00:00,response_audio,"Hey, how are you?",export/voice_stimuli_round3/ChrisClone_GUI3_hey-how-are-you_take3.wav,16000,1.656,1.32,2.32,0.13,0.206,-20.68,-23.0,-2.32,-8.63,lufs,False
ChrisClone_GUI3,"Just reading the instructions, I think I'm the interviewer for this chat.",1,conv_1901m1h5x51kearbg6rt7ntx2k0x,2026-09-02 13:46:00+00:00,response_audio,"Just reading the instructions, I think I'm the interviewer for this chat.",export/voice_stimuli_round3/ChrisClone_GUI3_just-reading-the-instructions-i_take1.wav,16000,3.924,3.62,4.62,0.27,0.034,-29.53,-23.0,6.53,-6.11,lufs,False
ChrisClone_GUI3,"Just reading the instructions, I think I'm the interviewer for this chat.",2,conv_0801m1h5xbe5e5e9rv2eapder5s4,2026-09-02 13:46:07+00:00,response_audio,"Just reading the instructions, I think I'm the interviewer for this chat.",export/voice_stimuli_round3/ChrisClone_GUI3_just-reading-the-instructions-i_take2.wav,16000,4.104,3.64,4.64,0.23,0.234,-22.97,-23.0,-0.03,-4.42,lufs,False
ChrisClone_GUI3,"Just reading the instructions, I think I'm the interviewer for this chat.",3,conv_8301m1h5xhq3ebwsf37d2s01g0bg,2026-09-02 13:46:13+00:00,response_audio,"Just reading the instructions, I think I'm the interviewer for this chat.",export/voice_stimuli_round3/ChrisClone_GUI3_just-reading-the-instructions-i_take3.wav,16000,4.104,3.82,4.82,0.11,0.174,-24.53,-23.0,1.53,-5.09,lufs,False
TextGen_FB,"Hey, can you hear me?",1,conv_0901m1h9ysv0fb9rnwtdj4qxn9rk,2026-09-02 14:56:48+00:00,response_audio,"Hey, can you hear me?",export/voice_stimuli_round3/TextGen_FB_hey-can-you-hear-me_take1.wav,16000,1.728,1.44,2.44,0.15,0.138,-17.41,-23.0,-5.59,-6.52,lufs,False
TextGen_FB,"Hey, can you hear me?",2,conv_1401m1h9yyc1efcstp50w1cn15qb,2026-09-02 14:56:53+00:00,response_audio,"Hey, can you hear me?",export/voice_stimuli_round3/TextGen_FB_hey-can-you-hear-me_take2.wav,16000,1.692,1.42,2.42,0.15,0.122,-17.0,-23.0,-6.0,-6.38,lufs,False
TextGen_FB,"Hey, can you hear me?",3,conv_6501m1h9z258f6daqz7rvgm33gn4,2026-09-02 14:56:57+00:00,response_audio,"Hey, can you hear me?",export/voice_stimuli_round3/TextGen_FB_hey-can-you-hear-me_take3.wav,16000,1.8,1.54,2.54,0.13,0.13,-16.36,-23.0,-6.64,-7.02,lufs,False
TextGen_FB,"Hey, how are you?",1,conv_3801m1h5bcnhfc68519fcg4h6w34,2026-09-02 13:36:18+00:00,response_audio,"Hey, how are you?",export/voice_stimuli_round3/TextGen_FB_hey-how-are-you_take1.wav,16000,1.656,1.32,2.32,0.13,0.206,-16.45,-23.0,-6.55,-6.95,lufs,False
TextGen_FB,"Hey, how are you?",2,conv_4701m1h5bkkjf4wr2xbp47t387k1,2026-09-02 13:36:25+00:00,response_audio,"Hey, how are you?",export/voice_stimuli_round3/TextGen_FB_hey-how-are-you_take2.wav,16000,2.196,1.6,2.6,0.19,0.406,-16.47,-23.0,-6.53,-7.14,lufs,False
TextGen_FB,"Hey, how are you?",3,conv_2401m1h5brp6frttw14wktpa2paj,2026-09-02 13:36:30+00:00,response_audio,"Hey, how are you?",export/voice_stimuli_round3/TextGen_FB_hey-how-are-you_take3.wav,16000,1.476,1.12,2.12,0.19,0.166,-16.06,-23.0,-6.94,-8.44,lufs,False
TextGen_FB,"Just reading the instructions, I think I'm the interviewer for this chat.",1,conv_5401m1h5yhe2e57vekrv8x9jffq3,2026-09-02 13:46:46+00:00,response_audio,"Just reading the instructions, I think I'm the interviewer for this chat.",export/voice_stimuli_round3/TextGen_FB_just-reading-the-instructions-i_take1.wav,16000,4.104,3.64,4.64,0.23,0.234,-16.99,-23.0,-6.01,-6.42,lufs,False
TextGen_FB,"Just reading the instructions, I think I'm the interviewer for this chat.",2,conv_9801m1h5yvcvetnr60veqbdd68bz,2026-09-02 13:46:56+00:00,response_audio,"Just reading the instructions, I think I'm the interviewer for this chat.",export/voice_stimuli_round3/TextGen_FB_just-reading-the-instructions-i_take2.wav,16000,3.528,3.14,4.14,0.23,0.158,-16.83,-23.0,-6.17,-6.54,lufs,False
TextGen_FB,"Just reading the instructions, I think I'm the interviewer for this chat.",3,conv_9201m1h5z31bf2bakzn6c0fvcv0t,2026-09-02 13:47:04+00:00,response_audio,"Just reading the instructions, I think I'm the interviewer for this chat.",export/voice_stimuli_round3/TextGen_FB_just-reading-the-instructions-i_take3.wav,16000,3.78,3.32,4.32,0.21,0.25,-15.57,-23.0,-7.43,-7.83,lufs,False
TextGen_FB2,"Hey, can you hear me?",1,conv_5301m1ha1b2tfq1a8vt3jbvmtxjx,2026-09-02 14:58:12+00:00,response_audio,"Hey, can you hear me?",export/voice_stimuli_round3/TextGen_FB2_hey-can-you-hear-me_take1.wav,16000,1.476,1.16,2.16,0.19,0.126,-15.22,-23.0,-7.78,-8.75,lufs,False
TextGen_FB2,"Hey, can you hear me?",2,conv_1301m1ha1ewqf57v84zb8qsfpctc,2026-09-02 14:58:16+00:00,response_audio,"Hey, can you hear me?",export/voice_stimuli_round3/TextGen_FB2_hey-can-you-hear-me_take2.wav,16000,1.8,1.48,2.48,0.15,0.17,-17.92,-23.0,-5.08,-7.61,lufs,False
TextGen_FB2,"Hey, can you hear me?",3,conv_0301m1ha1k25ebmba9bqg25382pj,2026-09-02 14:58:20+00:00,response_audio,"Hey, can you hear me?",export/voice_stimuli_round3/TextGen_FB2_hey-can-you-hear-me_take3.wav,16000,1.728,1.36,2.36,0.17,0.198,-13.13,-23.0,-9.87,-10.27,lufs,False
TextGen_FB2,"Hey, how are you?",1,conv_7101m1h5cer1ep4a27fyjja2t8ch,2026-09-02 13:36:53+00:00,response_audio,"Hey, how are you?",export/voice_stimuli_round3/TextGen_FB2_hey-how-are-you_take1.wav,16000,1.476,1.04,2.04,0.23,0.206,-11.85,-23.0,-11.15,-11.55,lufs,False
TextGen_FB2,"Hey, how are you?",2,conv_4501m1h5cn9dea4b5tntrpd568mw,2026-09-02 13:37:00+00:00,response_audio,"Hey, how are you?",export/voice_stimuli_round3/TextGen_FB2_hey-how-are-you_take2.wav,16000,1.836,1.44,2.44,0.21,0.186,-13.16,-23.0,-9.84,-10.66,lufs,False
TextGen_FB2,"Hey, how are you?",3,conv_6801m1h5ctpseea82m7kkwyhb3yc,2026-09-02 13:37:05+00:00,response_audio,"Hey, how are you?",export/voice_stimuli_round3/TextGen_FB2_hey-how-are-you_take3.wav,16000,1.728,1.28,2.28,0.17,0.278,-11.54,-23.0,-11.46,-11.87,lufs,False
TextGen_FB2,"Just reading the instructions, I think I'm the interviewer for this chat.",1,conv_3801m1h5zvkqeg5bssnzpmq1gtsz,2026-09-02 13:47:29+00:00,response_audio,"Just reading the instructions, I think I'm the interviewer for this chat.",export/voice_stimuli_round3/TextGen_FB2_just-reading-the-instructions-i_take1.wav,16000,3.996,3.42,4.42,0.31,0.266,-17.96,-23.0,-5.04,-5.47,lufs,False
TextGen_FB2,"Just reading the instructions, I think I'm the interviewer for this chat.",2,conv_1301m1h602jafrtvbmawxj3xavdf,2026-09-02 13:47:36+00:00,response_audio,"Just reading the instructions, I think I'm the interviewer for this chat.",export/voice_stimuli_round3/TextGen_FB2_just-reading-the-instructions-i_take2.wav,16000,4.32,3.88,4.88,0.21,0.23,-18.79,-23.0,-4.21,-4.57,lufs,False
TextGen_FB2,"Just reading the instructions, I think I'm the interviewer for this chat.",3,conv_7901m1h609a4eb2tanzpn8z7xqaa,2026-09-02 13:47:43+00:00,response_audio,"Just reading the instructions, I think I'm the interviewer for this chat.",export/voice_stimuli_round3/TextGen_FB2_just-reading-the-instructions-i_take3.wav,16000,4.032,3.48,4.48,0.27,0.282,-18.22,-23.0,-4.78,-5.2,lufs,False
TextGen_MB,"Hey, can you hear me?",1,conv_1901m1ha279ge5d9tyt7r5frxkme,2026-09-02 14:58:41+00:00,response_audio,"Hey, can you hear me?",export/voice_stimuli_round3/TextGen_MB_hey-can-you-hear-me_take1.wav,16000,1.116,0.88,1.88,0.13,0.106,-15.27,-23.0,-7.73,-7.93,lufs,False
TextGen_MB,"Hey, can you hear me?",2,conv_5701m1ha2b36fxms6s2xzvy8ahg4,2026-09-02 14:58:44+00:00,response_audio,"Hey, can you hear me?",export/voice_stimuli_round3/TextGen_MB_hey-can-you-hear-me_take2.wav,16000,1.404,1.0,2.0,0.25,0.154,-16.09,-23.0,-6.91,-7.4,lufs,False
TextGen_MB,"Hey, can you hear me?",3,conv_5301m1ha2f6eekpr4aqvw31h0t7a,2026-09-02 14:58:49+00:00,response_audio,"Hey, can you hear me?",export/voice_stimuli_round3/TextGen_MB_hey-can-you-hear-me_take3.wav,16000,1.296,1.06,2.06,0.23,0.006,-21.58,-23.0,-1.42,-8.52,lufs,False
TextGen_MB,"Hey, how are you?",1,conv_9501m1h5dhdbef29zx32qjnvc1qx,2026-09-02 13:37:29+00:00,response_audio,"Hey, how are you?",export/voice_stimuli_round3/TextGen_MB_hey-how-are-you_take1.wav,16000,1.296,0.8,1.8,0.23,0.266,-15.29,-23.0,-7.71,-8.12,lufs,False
TextGen_MB,"Hey, how are you?",2,conv_2101m1h5dpqvfyd9782hqq8pcnr6,2026-09-02 13:37:34+00:00,response_audio,"Hey, how are you?",export/voice_stimuli_round3/TextGen_MB_hey-how-are-you_take2.wav,16000,1.368,1.06,2.06,0.17,0.138,-13.01,-23.0,-9.99,-10.42,lufs,False
TextGen_MB,"Hey, how are you?",3,conv_0801m1h5dtmefas9g6370trxqwxj,2026-09-02 13:37:38+00:00,response_audio,"Hey, how are you?",export/voice_stimuli_round3/TextGen_MB_hey-how-are-you_take3.wav,16000,1.296,0.8,1.8,0.23,0.266,-13.81,-23.0,-9.19,-10.19,lufs,False
TextGen_MB,"Just reading the instructions, I think I'm the interviewer for this chat.",1,conv_0101m1h60y7mf1p811aarf02jy3b,2026-09-02 13:48:04+00:00,response_audio,"Just reading the instructions, I think I'm the interviewer for this chat.",export/voice_stimuli_round3/TextGen_MB_just-reading-the-instructions-i_take1.wav,16000,3.852,3.54,4.54,0.25,0.062,-15.97,-23.0,-7.03,-7.48,lufs,False
TextGen_MB,"Just reading the instructions, I think I'm the interviewer for this chat.",2,conv_7001m1h615hzea6vscbvspmw1w4j,2026-09-02 13:48:12+00:00,response_audio,"Just reading the instructions, I think I'm the interviewer for this chat.",export/voice_stimuli_round3/TextGen_MB_just-reading-the-instructions-i_take2.wav,16000,3.78,3.34,4.34,0.29,0.15,-16.12,-23.0,-6.88,-7.79,lufs,False
TextGen_MB,"Just reading the instructions, I think I'm the interviewer for this chat.",3,conv_1401m1h61bnbe90snrj0t4xq3w6s,2026-09-02 13:48:18+00:00,response_audio,"Just reading the instructions, I think I'm the interviewer for this chat.",export/voice_stimuli_round3/TextGen_MB_just-reading-the-instructions-i_take3.wav,16000,3.6,3.18,4.18,0.25,0.17,-16.74,-23.0,-6.26,-6.63,lufs,False
TextGen_MS,"Hey, can you hear me?",1,conv_0901m1ha2xtmfn9b3k0yq7zaeht3,2026-09-02 14:59:04+00:00,response_audio,"Hey, can you hear me?",export/voice_stimuli_round3/TextGen_MS_hey-can-you-hear-me_take1.wav,16000,1.296,0.92,1.92,0.17,0.206,-12.99,-23.0,-10.01,-11.73,lufs,False
TextGen_MS,"Hey, can you hear me?",2,conv_3501m1ha31s0f7eab57rrs3gqw3h,2026-09-02 14:59:08+00:00,response_audio,"Hey, can you hear me?",export/voice_stimuli_round3/TextGen_MS_hey-can-you-hear-me_take2.wav,16000,1.26,0.9,1.9,0.25,0.11,-15.01,-23.0,-7.99,-9.04,lufs,False
TextGen_MS,"Hey, can you hear me?",3,conv_7401m1ha36nwfadabg8rpmdy8pbp,2026-09-02 14:59:13+00:00,response_audio,"Hey, can you hear me?",export/voice_stimuli_round3/TextGen_MS_hey-can-you-hear-me_take3.wav,16000,1.26,1.06,2.06,0.09,0.11,-14.1,-23.0,-8.9,-9.34,lufs,False
TextGen_MS,"Hey, how are you?",1,conv_1901m1h5ehe0fmkrs0m3qq7ag2vw,2026-09-02 13:38:01+00:00,response_audio,"Hey, how are you?",export/voice_stimuli_round3/TextGen_MS_hey-how-are-you_take1.wav,16000,1.224,0.76,1.76,0.27,0.194,-15.15,-23.0,-7.85,-10.0,lufs,False
TextGen_MS,"Hey, how are you?",2,conv_8901m1h5ephfewrbf5wgn93fmxcg,2026-09-02 13:38:07+00:00,response_audio,"Hey, how are you?",export/voice_stimuli_round3/TextGen_MS_hey-how-are-you_take2.wav,16000,1.44,0.98,1.98,0.17,0.29,-18.04,-23.0,-4.96,-7.59,lufs,False
TextGen_MS,"Hey, how are you?",3,conv_5501m1h5evdsf5jvjs7cqzrfy8v1,2026-09-02 13:38:12+00:00,response_audio,"Hey, how are you?",export/voice_stimuli_round3/TextGen_MS_hey-how-are-you_take3.wav,16000,1.296,0.9,1.9,0.23,0.166,-13.33,-23.0,-9.67,-10.26,lufs,False
TextGen_MS,"Just reading the instructions, I think I'm the interviewer for this chat.",1,conv_5201m1h620k6fey941gpsw05bfx5,2026-09-02 13:48:39+00:00,response_audio,"Just reading the instructions, I think I'm the interviewer for this chat.",export/voice_stimuli_round3/TextGen_MS_just-reading-the-instructions-i_take1.wav,16000,3.996,3.72,4.72,0.27,0.006,-14.13,-23.0,-8.87,-9.33,lufs,False
TextGen_MS,"Just reading the instructions, I think I'm the interviewer for this chat.",2,conv_1101m1h628f9f6t8avkws9n0bf45,2026-09-02 13:48:47+00:00,response_audio,"Just reading the instructions, I think I'm the interviewer for this chat.",export/voice_stimuli_round3/TextGen_MS_just-reading-the-instructions-i_take2.wav,16000,3.744,3.38,4.38,0.19,0.174,-13.41,-23.0,-9.59,-10.0,lufs,False
TextGen_MS,"Just reading the instructions, I think I'm the interviewer for this chat.",3,conv_9001m1h62fe8fjc91zep725gb64g,2026-09-02 13:48:55+00:00,response_audio,"Just reading the instructions, I think I'm the interviewer for this chat.",export/voice_stimuli_round3/TextGen_MS_just-reading-the-instructions-i_take3.wav,16000,3.78,3.38,4.38,0.21,0.19,-13.95,-23.0,-9.05,-9.48,lufs,False
